tier,relative_path,size_bytes,rows,sha256
Preprocessed_Dataset,Preprocessed_Dataset\D1\Session_1\D1_S1_fused.csv,24190152,58702.0,78637b144f2d932bf2e597786542bc4514fdc0d02b6803fd8fcf7dc96316e77f
Preprocessed_Dataset,Preprocessed_Dataset\D1\Session_2\D1_S2_fused.csv,12889315,31451.0,2949262fcf298607bd52e5ceed2ca6ceafa086995b3c15757413b1c3430711b2
Preprocessed_Dataset,Preprocessed_Dataset\D1\Session_3\D1_S3_fused.csv,19852026,48866.0,c1a9bc77ec2aff16f49e5d04e2448e6b7d625db8a36e90fa7c99f203cac01f0a
Preprocessed_Dataset,Preprocessed_Dataset\D1\Session_4\D1_S4_fused.csv,10075969,25304.0,5fc9c5b57785c454f15f15c888f45a8c668902d3823534d9b7587c1d6069e16f
Preprocessed_Dataset,Preprocessed_Dataset\D10\Session_1\D10_S1_fused.csv,33061247,80589.0,78bf8b84460b297acd2f7eb3c4ea15f3a6a544b72e9c0f71388ad82b6c71995e
Preprocessed_Dataset,Preprocessed_Dataset\D10\Session_2\D10_S2_fused.csv,10020473,24035.0,0c5d673e5196669d8124c8b42469dde1a9c8c55f071e84b60bc366d11a471adb
Preprocessed_Dataset,Preprocessed_Dataset\D10\Session_3\D10_S3_fused.csv,32310210,78480.0,b79ed9a3faef0cf8e23323d6a961a2d350f839a6469d7d0c8163d8162fa22901
Preprocessed_Dataset,Preprocessed_Dataset\D10\Session_4\D10_S4_fused.csv,11564975,28149.0,7a44f4a2ae492f88af0c8ec3f4c365ffb7922cea6d49e486b7e6590c26fbc637
Preprocessed_Dataset,Preprocessed_Dataset\D11\Session_1\D11_S1_fused.csv,18786043,45614.0,697f14121f41c7c18c3a3eefc73ca0fe0516ddf27e68d9d89098a0b785d1d704
Preprocessed_Dataset,Preprocessed_Dataset\D11\Session_2\D11_S2_fused.csv,9784956,23465.0,16a8ed25466339805c3eaa238b0ea9451e3b140bddb60032653497576ed60fb3
Preprocessed_Dataset,Preprocessed_Dataset\D11\Session_3\D11_S3_fused.csv,19037300,45095.0,9151991ea2a6e44914dfaf5255c5770a6050e2b18b48ec184a2e05d81177d5ae
Preprocessed_Dataset,Preprocessed_Dataset\D11\Session_4\D11_S4_fused.csv,9137341,22027.0,c4235d5cceeace4c2d7261e363d973faa68eb9464d6fe551af1e1d63a295ecbd
Preprocessed_Dataset,Preprocessed_Dataset\D12\Session_1\D12_S1_fused.csv,18418803,44356.0,6863b87aeed48ca1e2b4d1fdb77b2a61987b4071be3d9047503cdc143e21ec76
Preprocessed_Dataset,Preprocessed_Dataset\D12\Session_2\D12_S2_fused.csv,11465206,27678.0,bb3819bed5753790b8bb2e67c0f328456f4b398c954eb3ddeefa69477f12357a
Preprocessed_Dataset,Preprocessed_Dataset\D12\Session_3\D12_S3_fused.csv,22443832,55615.0,128359656fe108d03fff252fb2f57e8c53fca2773f59c33e440eab8fd65d91c0
Preprocessed_Dataset,Preprocessed_Dataset\D12\Session_4\D12_S4_fused.csv,12551973,30590.0,f96e134b8724fb9a7a861da77b5c334f91c08f786e577cf5e6a44179f0a64bd0
Preprocessed_Dataset,Preprocessed_Dataset\D13\Session_1\D13_S1_fused.csv,29868336,72441.0,cf61ef8b405abedfeaec383181174656cbb829b3ce2b89c06e2dd5768dd0788e
Preprocessed_Dataset,Preprocessed_Dataset\D13\Session_2\D13_S2_fused.csv,10859687,26200.0,cf49ccba50908afe65b885903bd327db90dc9828befceffd1112b041a0196d32
Preprocessed_Dataset,Preprocessed_Dataset\D13\Session_3\D13_S3_fused.csv,31158163,76332.0,adba33554eceb1d49dec51e42f74116f1f9130614f545206895adf8f951d30fb
Preprocessed_Dataset,Preprocessed_Dataset\D13\Session_4\D13_S4_fused.csv,12221351,29293.0,5cde5c4e18fe7899aeb6ef03716c238757cfc4e19bf89098a50a99c5cf42455d
Preprocessed_Dataset,Preprocessed_Dataset\D14\Session_1\D14_S1_fused.csv,25491976,61585.0,930f348df24fa42f192d079e0b23fa6a36a0266c6c16603924af7b14f54c552a
Preprocessed_Dataset,Preprocessed_Dataset\D14\Session_2\D14_S2_fused.csv,12534184,29906.0,92b9db1a18b61445163138a18ad77cc1ffc83b704a1ad2a307dd3174becb4a1e
Preprocessed_Dataset,Preprocessed_Dataset\D14\Session_3\D14_S3_fused.csv,20525088,49571.0,48d7c56b0f1e1b7f7b619c746a67b344d5c4d903d36c2e96b76cbc0facc3535d
Preprocessed_Dataset,Preprocessed_Dataset\D14\Session_4\D14_S4_fused.csv,12134718,28831.0,cf561faa74c14d50d7f8b669a92a61463ef4f36964e985f42c54f30ec4a57674
Preprocessed_Dataset,Preprocessed_Dataset\D15\Session_1\D15_S1_fused.csv,29587473,72853.0,b8fcd83fa02f14dc41c8acbd34bbd0185d16afb8fa4228f3e6610d3d90bd1d84
Preprocessed_Dataset,Preprocessed_Dataset\D15\Session_2\D15_S2_fused.csv,11327084,27281.0,fb749afea45b93f5acd1fcf64ce485cd4e5873f78a1d09b7819325c3a36b6bca
Preprocessed_Dataset,Preprocessed_Dataset\D15\Session_3\D15_S3_fused.csv,23715044,57762.0,372a051677eb1f8aa41b26e5a99a902989bc4e7e1941a2479201d75133a3bff1
Preprocessed_Dataset,Preprocessed_Dataset\D15\Session_4\D15_S4_fused.csv,12575519,30492.0,75ac43edbcc0ffa6eaf59a501435e9ab51c02c2fbd03b68aaaf08cc5eb5ac1ab
Preprocessed_Dataset,Preprocessed_Dataset\D16\Session_1\D16_S1_fused.csv,20188828,48779.0,d29b51ac9e76ee2a4dc03e81515e47ed5b8d55fe0bc6acaec45abeb8d3bed31b
Preprocessed_Dataset,Preprocessed_Dataset\D16\Session_2\D16_S2_fused.csv,10117596,23460.0,7cd41e1b8c96e878ec1dd419683406c95fdd317ce14e95671fa9119b6edf3290
Preprocessed_Dataset,Preprocessed_Dataset\D16\Session_3\D16_S3_fused.csv,25904290,61937.0,35c9c5f51b42c4027e6e7609ea8ca22a2cb9c06e7ac781a0849b5707893c1b68
Preprocessed_Dataset,Preprocessed_Dataset\D16\Session_4\D16_S4_fused.csv,10846113,26008.0,064f9f647913074e1d2acae232e01ba0f15771504b574823b4e4f21981679e61
Preprocessed_Dataset,Preprocessed_Dataset\D17\Session_1\D17_S1_fused.csv,17556656,42426.0,da37b4a18916111eded40ef4b2e4427b09e14e9d0cc98e1df507ce0b9c576174
Preprocessed_Dataset,Preprocessed_Dataset\D17\Session_2\D17_S2_fused.csv,10168210,24284.0,56cb075e7a809bf841302c2f62600e7193369873e0bf8ce642e95329d5819673
Preprocessed_Dataset,Preprocessed_Dataset\D17\Session_3\D17_S3_fused.csv,28574302,69288.0,b7de9fa7637d19f115dfaaf71898cf16fcfb1b2338679cab097d7fbdebd35a54
Preprocessed_Dataset,Preprocessed_Dataset\D17\Session_4\D17_S4_fused.csv,12840040,30798.0,742e014b535cbe02e83c80093e41a2231fa28312f24733c5cc5f1bff275d3775
Preprocessed_Dataset,Preprocessed_Dataset\D18\Session_1\D18_S1_fused.csv,20105830,48960.0,12b6fdb44c49c67be7537f7f1dd052d789302b4dfc2e198389982b67ed208f26
Preprocessed_Dataset,Preprocessed_Dataset\D18\Session_2\D18_S2_fused.csv,11752460,28405.0,590e2aaa406602956c23575bf0e33a02ccd332c897e53f58ce0eb1fe9c8f1644
Preprocessed_Dataset,Preprocessed_Dataset\D18\Session_3\D18_S3_fused.csv,18717488,45696.0,7094abefd956ee2f5621a84614908f81479cf527154e26786567311ffad48426
Preprocessed_Dataset,Preprocessed_Dataset\D18\Session_4\D18_S4_fused.csv,11424793,27558.0,0bc4a37d152f3cb1dedb76e69887723180af21e6d105207316f12247d5db7847
Preprocessed_Dataset,Preprocessed_Dataset\D19\Session_1\D19_S1_fused.csv,14365125,34541.0,2e33c9c1fefae3a0480d3ddcd0f6493df6b922fc33be324e19604d57da1a82cf
Preprocessed_Dataset,Preprocessed_Dataset\D19\Session_2\D19_S2_fused.csv,13306735,31893.0,fe185d237a30d4b3109c0d6f45f1b2b0555e9193a48f758a30cbff4c94b1ed34
Preprocessed_Dataset,Preprocessed_Dataset\D19\Session_3\D19_S3_fused.csv,18198374,43875.0,653d134542b9216a78689c77d77f243a0ac18a416f6fe08a7c6d7666392af920
Preprocessed_Dataset,Preprocessed_Dataset\D19\Session_4\D19_S4_fused.csv,12649625,30417.0,86132247c420137aa628f24108f7d2286e06ad409bd082068b8dc82c4b4e16b6
Preprocessed_Dataset,Preprocessed_Dataset\D2\Session_1\D2_S1_fused.csv,19284757,46748.0,88ae020a62f8f9db7f37784cefebaeade70723bc468af7995037e5d9133729dc
Preprocessed_Dataset,Preprocessed_Dataset\D2\Session_2\D2_S2_fused.csv,13218741,32381.0,82abbc151752fa3edb595f1aa840d3694c9165ebe9a5935354c55bc23b826f41
Preprocessed_Dataset,Preprocessed_Dataset\D2\Session_3\D2_S3_fused.csv,9950141,24077.0,cd21b5cddefcf820ad7ffec9c1a6554be86ce7210748a3d33e78bedb298dddc8
Preprocessed_Dataset,Preprocessed_Dataset\D2\Session_4\D2_S4_fused.csv,12563157,30566.0,04c8790dd9de1d4460aaa77ef5105e83d330fd4adab559209c9d4f88d2fe7b82
Preprocessed_Dataset,Preprocessed_Dataset\D20\Session_1\D20_S1_fused.csv,22190330,53432.0,5a9901aaf9d3035637c4696f963db392bfd599da257fc5997f1dcc3f68797578
Preprocessed_Dataset,Preprocessed_Dataset\D20\Session_2\D20_S2_fused.csv,10074313,24141.0,53ba326bc19a4a74bdb9cadc4f6ca67bf66e24372ca3ae544f4f52dc7d1903e2
Preprocessed_Dataset,Preprocessed_Dataset\D20\Session_3\D20_S3_fused.csv,37211120,90313.0,f5195a577bc532a3b895206f7b48259aa9d88e62b1790530eb27d740932978c1
Preprocessed_Dataset,Preprocessed_Dataset\D20\Session_4\D20_S4_fused.csv,11395146,27536.0,ca7ab33ea2191ab89392a0f2280d872862bcfd540e15438facde6cd5bc7aaea2
Preprocessed_Dataset,Preprocessed_Dataset\D3\Session_1\D3_S1_fused.csv,28702539,70479.0,76a7433743a7c0a348e7d168320e13a042bd499c79d1a23b3c6761fc99dfb2c7
Preprocessed_Dataset,Preprocessed_Dataset\D3\Session_2\D3_S2_fused.csv,9248641,22084.0,32d1878229e8a0fdf211493b72a787b8a4c99577be057333e635574f05683002
Preprocessed_Dataset,Preprocessed_Dataset\D3\Session_3\D3_S3_fused.csv,23412614,57073.0,f28c88ed2d46b5bd84dd16c0685b24a27125b7cf716c8f1a4243ea325a77f78a
Preprocessed_Dataset,Preprocessed_Dataset\D3\Session_4\D3_S4_fused.csv,13010464,31603.0,88b4dc18fb6938d213616551bd8dcd934b1007c1b72a476b4e2c35023982f2c7
Preprocessed_Dataset,Preprocessed_Dataset\D4\Session_1\D4_S1_fused.csv,23319228,56634.0,bd61ce59dad94a9074533177edcf1174eea275b1788b546f82fd57abb6122f4e
Preprocessed_Dataset,Preprocessed_Dataset\D4\Session_2\D4_S2_fused.csv,11291821,27318.0,46feebfb3f3e2869903e9edfa9b359664482877a3ebb8b25d75b6b50adf8e11f
Preprocessed_Dataset,Preprocessed_Dataset\D4\Session_3\D4_S3_fused.csv,35985742,87612.0,1c9c41fc2c5d843ea7d6f42f994a1261bbcd994cc75d5f8faa534d56063937cd
Preprocessed_Dataset,Preprocessed_Dataset\D4\Session_4\D4_S4_fused.csv,12221440,28599.0,cfd8933f301067fb835d4f9d707d40dde1c1461d6b7c5be7bb9dba3178d5c7f3
Preprocessed_Dataset,Preprocessed_Dataset\D5\Session_1\D5_S1_fused.csv,31681207,76875.0,116389d46fe3cdf9760ce15d1bcf4c8da42589aa9ab8fb407c6d733a495ea7b6
Preprocessed_Dataset,Preprocessed_Dataset\D5\Session_2\D5_S2_fused.csv,10615639,25575.0,7ed0620c72830d9fe9175f5006568547cd128d404ffe8eb6db39513f47290a68
Preprocessed_Dataset,Preprocessed_Dataset\D5\Session_3\D5_S3_fused.csv,29106767,70091.0,61ec5d7a3612ac195b3cdd8ab3b9a408ce46174aac405c1153d6d84b694f13fc
Preprocessed_Dataset,Preprocessed_Dataset\D5\Session_4\D5_S4_fused.csv,10739899,26197.0,54463e0e679070aefc57bfe0f3ba064b2b2edb85d23ab53c57d3c89f3d63b319
Preprocessed_Dataset,Preprocessed_Dataset\D6\Session_1\D6_S1_fused.csv,17829350,43375.0,d91e2f4aaaa072bd34ad613ca27e0f796ac39d1c87ce1e60b9aee2f5efcd9a69
Preprocessed_Dataset,Preprocessed_Dataset\D6\Session_3\D6_S3_fused.csv,21509037,52496.0,5c8f1fa949b06a18e10350c992a08aac1beff05f93ca08304089b686cf4c2a95
Preprocessed_Dataset,Preprocessed_Dataset\D6\Session_4\D6_S4_fused.csv,9818101,23644.0,c5cb8fb9a6fcff33cd4787b53cdcf2a0fb0f4db3b2d4aec15864e68d52488ef2
Preprocessed_Dataset,Preprocessed_Dataset\D7\Session_1\D7_S1_fused.csv,39882944,98665.0,7f8bbd5667bd829ba87d7319ac0522f814f252ef9e68bcfe21dfd069ffb0de0e
Preprocessed_Dataset,Preprocessed_Dataset\D7\Session_2\D7_S2_fused.csv,10572477,25196.0,23c62f5766177a692187c6bf3a489bca7a34aeb7cf27ce9564c900b40c96553e
Preprocessed_Dataset,Preprocessed_Dataset\D7\Session_3\D7_S3_fused.csv,34092339,84318.0,b26cd528fc728fabee25225dbb4c9cd1ec49ad74b7bfdf91061b1a2e292bb2e9
Preprocessed_Dataset,Preprocessed_Dataset\D7\Session_4\D7_S4_fused.csv,10879814,25923.0,9418731669811078a1c4da45da0d3c604b7538c14abde1e51ffeb283a51ecb83
Preprocessed_Dataset,Preprocessed_Dataset\D8\Session_1\D8_S1_fused.csv,21361709,51928.0,184d17affd856376694d1a36aa74958174cbc9e8298cb29496f3f6e00ec58a06
Preprocessed_Dataset,Preprocessed_Dataset\D8\Session_2\D8_S2_fused.csv,10077959,24356.0,5bb0df0dbdc3e8f61be4ef1b5a18a7af2f19a351c171dd65b0c6ff62e900149e
Preprocessed_Dataset,Preprocessed_Dataset\D8\Session_3\D8_S3_fused.csv,39829042,97181.0,eca08bfd78dcec8b20c90d4440ba86ccbce8e77de06b17352f12367e678fc426
Preprocessed_Dataset,Preprocessed_Dataset\D8\Session_4\D8_S4_fused.csv,12452038,30216.0,2681ceadf59a00778beb4262f60dae6aa6f03d137b8b9cfaf293873b41b40992
Preprocessed_Dataset,Preprocessed_Dataset\D9\Session_1\D9_S1_fused.csv,32815109,79873.0,13dc7ab6d0af3ddfc527da555b4e3485661959868417c499c8934762a786fc6b
Preprocessed_Dataset,Preprocessed_Dataset\D9\Session_2\D9_S2_fused.csv,11502274,28014.0,8f9262e2dd5ea7c095608d1a98c3a25ed63973d3d0751e4e14558c195b0dfa51
Preprocessed_Dataset,Preprocessed_Dataset\D9\Session_3\D9_S3_fused.csv,20921657,50428.0,af2bfede71ca92716ddcbd0cc735c3b7ac3333822ba3f1995f81839963e81ba9
Preprocessed_Dataset,Preprocessed_Dataset\D9\Session_4\D9_S4_fused.csv,11662707,28236.0,1b97c3c5c3546af73c187db75f84a993acfe8a8a663c04cb9cc7b5ae4d5fcd5e
Preprocessed_Dataset,Preprocessed_Dataset\D1\Session_1\D1_S1_Front_emotions.csv,11013869,70434.0,58f75e15a4eb01d2791335de47cfc72f2ee5e2428dae083370fdf395b99e51f3
Preprocessed_Dataset,Preprocessed_Dataset\D1\Session_2\D1_S2_Front_emotions.csv,3182830,37741.0,f6b451aa97c0a7cb01426bb84adb773ea2e99989bc274c496f8441427408accf
Preprocessed_Dataset,Preprocessed_Dataset\D1\Session_3\D1_S3_Front_emotions.csv,9245679,58631.0,4261f4ef60ef9728ad83cc268744711b91cdfc748df951f9395ded4e0872b12f
Preprocessed_Dataset,Preprocessed_Dataset\D1\Session_4\D1_S4_Front_emotions.csv,4890181,30364.0,038eb6ed0d0a536408dd42e7e563b2f5ebdc367a2fa728319737f9927bc33401
Preprocessed_Dataset,Preprocessed_Dataset\D10\Session_1\D10_S1_Front_emotions.csv,14949563,96690.0,59290d59e47abd8d0db4a7de20cad463de9cfbc0c43e624e047a44c21c678b51
Preprocessed_Dataset,Preprocessed_Dataset\D10\Session_2\D10_S2_Front_emotions.csv,4520295,28842.0,88ad316f1c9675aafb4955d0d1f8f1f8e89502acb5d87756eff333e4559e532f
Preprocessed_Dataset,Preprocessed_Dataset\D10\Session_3\D10_S3_Front_emotions.csv,15008160,94160.0,900ab99f373c53ebb05958c0c094c13d25ef0e6f575e3b388dd58c74754e6da0
Preprocessed_Dataset,Preprocessed_Dataset\D10\Session_4\D10_S4_Front_emotions.csv,5412069,33778.0,a7bc1a0bbc1051e4cbd12a4385165772f8bf5ed07232fe3812b24ae0e6216be7
Preprocessed_Dataset,Preprocessed_Dataset\D11\Session_1\D11_S1_Front_emotions.csv,8285959,54729.0,a031278ffd49372ace4593e8e042d8e48a50f8cf93e46bee3afa2ccb0be4eec6
Preprocessed_Dataset,Preprocessed_Dataset\D11\Session_2\D11_S2_Front_emotions.csv,4491481,28157.0,a5ae5d6ebe1fa842a52b8086f033d4da9c2e7612417b346c9c5d7f003526ce7d
Preprocessed_Dataset,Preprocessed_Dataset\D11\Session_3\D11_S3_Front_emotions.csv,8379409,54106.0,51200c6e81c10188fdd8039664cbb994ad2e5904d6c5b040765dccfce3c2c9c7
Preprocessed_Dataset,Preprocessed_Dataset\D11\Session_4\D11_S4_Front_emotions.csv,4212244,26432.0,9dac6bbbad87b58e45999c674f3d82abf02551c3baafad50914e0dd52c2e3279
Preprocessed_Dataset,Preprocessed_Dataset\D12\Session_1\D12_S1_Front_emotions.csv,8546592,53219.0,f9a7a0975af6f11af6e1e89b8b51d92ae266b29357a9ca16b769b583fcc9535b
Preprocessed_Dataset,Preprocessed_Dataset\D12\Session_2\D12_S2_Front_emotions.csv,5302326,33213.0,07caf069e83e17d5f874fef2b98cdb90eb28eeb5dee4ab8dbce4dc9fc83fe21c
Preprocessed_Dataset,Preprocessed_Dataset\D12\Session_3\D12_S3_Front_emotions.csv,10685253,66730.0,e055257f12338cc1ab27231545ec0b699a6170e5c78e3ae2039280991fbdbd47
Preprocessed_Dataset,Preprocessed_Dataset\D12\Session_4\D12_S4_Front_emotions.csv,5870996,36708.0,32771591b07fd636dffbadb14dc6cd07d52096eb62a7f011eab9019ec9a2b035
Preprocessed_Dataset,Preprocessed_Dataset\D13\Session_1\D13_S1_Front_emotions.csv,14231861,86913.0,10e2defb8310dd0cd620261781f9b7938cbfffbca8826b0d41ce64b189d695ba
Preprocessed_Dataset,Preprocessed_Dataset\D13\Session_2\D13_S2_Front_emotions.csv,5067826,31440.0,282d7accaff5203c4051473ab142ed76b4a5ad37b7dce3bed43f8c33fbd94e2c
Preprocessed_Dataset,Preprocessed_Dataset\D13\Session_3\D13_S3_Front_emotions.csv,14695802,91582.0,ee15e0acf88c335ed0a9dd9c4c3ec6988545ae03c3439b6d37f29498bea890fc
Preprocessed_Dataset,Preprocessed_Dataset\D13\Session_4\D13_S4_Front_emotions.csv,5712257,35152.0,97b68df0d1d10cf41d21512d7fd418d8474bb4e22ed4e469091e0972feb0c261
Preprocessed_Dataset,Preprocessed_Dataset\D14\Session_1\D14_S1_Front_emotions.csv,11544307,73894.0,1610972c8a6cacc973d92f1a19e4cd7d890e938c69dd434edddebafe40fad8b6
Preprocessed_Dataset,Preprocessed_Dataset\D14\Session_2\D14_S2_Front_emotions.csv,5558411,35887.0,97187c0b74f9e7f4cdd53ec1cb343b3fc5a16b9206ca8a51c263d9178ba1c01d
Preprocessed_Dataset,Preprocessed_Dataset\D14\Session_3\D14_S3_Front_emotions.csv,9284076,59477.0,80e6763d609598dfa1dc25ceeb32c1f2c369aca4c94cee896ad2920627001922
Preprocessed_Dataset,Preprocessed_Dataset\D14\Session_4\D14_S4_Front_emotions.csv,5360773,34597.0,3e37ce56b72f8894b2fd6a03b585cadb94f0dea115c836a3f12bdabe6079962e
Preprocessed_Dataset,Preprocessed_Dataset\D15\Session_1\D15_S1_Front_emotions.csv,13474822,87407.0,4b755359ba471c865f1eb52ddda9d56f75d2b1d397f26ae655f89908868232d5
Preprocessed_Dataset,Preprocessed_Dataset\D15\Session_2\D15_S2_Front_emotions.csv,5254303,32737.0,f084824ec27aa957f1276e5345b00e01b82e586df0a9302d776e4d1137da8d2f
Preprocessed_Dataset,Preprocessed_Dataset\D15\Session_3\D15_S3_Front_emotions.csv,10978496,69306.0,278c2c8be1d7c9def58f2b17e055ad0cf0c68b0d5cc7656d3228cee74ddf6228
Preprocessed_Dataset,Preprocessed_Dataset\D15\Session_4\D15_S4_Front_emotions.csv,5881317,36590.0,9c8ee3014e9e43db03dd8a7a922ff831e43f1ae9027416f8cbb962be9d49750c
Preprocessed_Dataset,Preprocessed_Dataset\D16\Session_1\D16_S1_Front_emotions.csv,9648115,58526.0,806a8163d4fe28e89d969fbd75d2e891799033ea636930616325887060bb2e23
Preprocessed_Dataset,Preprocessed_Dataset\D16\Session_2\D16_S2_Front_emotions.csv,4723092,28151.0,6f5e91dca59ca05dbb7b59e97805b1343b05e875212c2b49975af073e2f4e2df
Preprocessed_Dataset,Preprocessed_Dataset\D16\Session_3\D16_S3_Front_emotions.csv,12370381,74316.0,fb4c81aba7d775fe58e8d268234d030dd1bf3414e4943b76a3730d6e2384bed3
Preprocessed_Dataset,Preprocessed_Dataset\D16\Session_4\D16_S4_Front_emotions.csv,5190314,31209.0,1e315eed12be6f2f308c39f260f2dacc8b9f08ac05f607171fada0379d87a9f9
Preprocessed_Dataset,Preprocessed_Dataset\D17\Session_1\D17_S1_Front_emotions.csv,7878031,50903.0,8fbccad5e7b726c93d16509a09e33f27983977631ab750da976d351c4b1b3a44
Preprocessed_Dataset,Preprocessed_Dataset\D17\Session_2\D17_S2_Front_emotions.csv,4549111,29141.0,f2b96df1195a5ace70d3939ae6305af88650b4d52e5750bd806615a5db65a1e1
Preprocessed_Dataset,Preprocessed_Dataset\D17\Session_3\D17_S3_Front_emotions.csv,12490934,83137.0,683f4d517eb0836d05eaaeccd36e3855b0f66fcd01f28baa7f0bd66cdb071451
Preprocessed_Dataset,Preprocessed_Dataset\D17\Session_4\D17_S4_Front_emotions.csv,6064646,36957.0,313778de119f129e2a25eec7bd135e4c11c48ff72c82c7fecf49d5371e54c4ba
Preprocessed_Dataset,Preprocessed_Dataset\D18\Session_1\D18_S1_Front_emotions.csv,9087280,58744.0,321454a27c4d4b03dc1f122ec39a779940785002d9e5e7d5f43d5e337d2f2289
Preprocessed_Dataset,Preprocessed_Dataset\D18\Session_2\D18_S2_Front_emotions.csv,4927187,34085.0,aaf630e756338a1bd64a08beca82dd2108400ddc43cd4ffd6417ea761a97374f
Preprocessed_Dataset,Preprocessed_Dataset\D18\Session_3\D18_S3_Front_emotions.csv,8939071,54827.0,9988f73b0bb41ac0dbca0c73e67d30bb31992da4f0c5bda1b680324a67e5c140
Preprocessed_Dataset,Preprocessed_Dataset\D18\Session_4\D18_S4_Front_emotions.csv,4911800,33070.0,7368373ee4bea4c27d2f27aa5f8f712abe026094923caa45ed1a64ed663f7a13
Preprocessed_Dataset,Preprocessed_Dataset\D19\Session_1\D19_S1_Front_emotions.csv,6256896,41441.0,797b02a289cb6ffedf4043e45c3e801f7d3b289ff643c457f92856e66634367c
Preprocessed_Dataset,Preprocessed_Dataset\D19\Session_2\D19_S2_Front_emotions.csv,5824463,38271.0,9ee9b9a8f2943a07b936f107c37925f967cf48db4b8882dba124aeee813a237d
Preprocessed_Dataset,Preprocessed_Dataset\D19\Session_3\D19_S3_Front_emotions.csv,7860580,52641.0,a22f9ebb33467cb76d640ffb93182de8cc2bc8c0a9b9e34310ca5fcd8ddc1658
Preprocessed_Dataset,Preprocessed_Dataset\D19\Session_4\D19_S4_Front_emotions.csv,5539762,36500.0,a4ef3d1ea2784fb4985d00871a5639af0d1e58e560990b381eb880e1b5259dc1
Preprocessed_Dataset,Preprocessed_Dataset\D2\Session_1\D2_S1_Front_emotions.csv,8774324,56089.0,657e65ad159bb598afd90871f2541b6cdb37832b36190ef2b048edc61ad25973
Preprocessed_Dataset,Preprocessed_Dataset\D2\Session_2\D2_S2_Front_emotions.csv,6355133,38857.0,40977e535ff7ddd28573c3903bfa31601a21d2f2e5a2218ae7ee7a9a103479ef
Preprocessed_Dataset,Preprocessed_Dataset\D2\Session_3\D2_S3_Front_emotions.csv,4541503,28892.0,bd6e49352a246dc19855f8db20b827728a3f7701ffa99d308ccba31018b73e30
Preprocessed_Dataset,Preprocessed_Dataset\D2\Session_4\D2_S4_Front_emotions.csv,6005124,36679.0,c749515ade54632509766414b914a738c128d0e61df7d96fccfa36e9cd4bff0a
Preprocessed_Dataset,Preprocessed_Dataset\D20\Session_1\D20_S1_Front_emotions.csv,10208567,64110.0,fae8362bf0e03f75c2923914f5816913177590e04720d3b476b6815f64a2bfb2
Preprocessed_Dataset,Preprocessed_Dataset\D20\Session_2\D20_S2_Front_emotions.csv,4795859,28969.0,d6817cc1f3b1b3d0b43199f1178962430b0490c51f9076d558e686bae71f81b1
Preprocessed_Dataset,Preprocessed_Dataset\D20\Session_3\D20_S3_Front_emotions.csv,17360678,108359.0,7622783978497815df5b42b6ea805c12399db44088fb6f28db61a269127b826e
Preprocessed_Dataset,Preprocessed_Dataset\D20\Session_4\D20_S4_Front_emotions.csv,5251699,33043.0,64a1ed08d24ecc980d3b18c270cb085725314eb016aa033b2fb15f7a59c16024
Preprocessed_Dataset,Preprocessed_Dataset\D3\Session_1\D3_S1_Front_emotions.csv,13769156,84559.0,dad13266b7ed97051972d22b14920f720478fd3db22c26a45a013cc703473068
Preprocessed_Dataset,Preprocessed_Dataset\D3\Session_2\D3_S2_Front_emotions.csv,4053549,26501.0,fbd8b90b7914df8d8c57c435f1ccf677ff7c0c700ee0d3b303388b10dbd70c4a
Preprocessed_Dataset,Preprocessed_Dataset\D3\Session_3\D3_S3_Front_emotions.csv,11213527,68480.0,e81d080ee71b164ecc17495228c8b6133868285370ea776c54b063358270f0b5
Preprocessed_Dataset,Preprocessed_Dataset\D3\Session_4\D3_S4_Front_emotions.csv,6061169,37924.0,ad9f327352a430b1fe93592158bbaf757477d7288851334c58124047b257fe56
Preprocessed_Dataset,Preprocessed_Dataset\D4\Session_1\D4_S1_Front_emotions.csv,10865782,67952.0,fb8eda22dcd26ea215433763dc93a9b6a5c0e32eeeb5868db4efbafcdc66883d
Preprocessed_Dataset,Preprocessed_Dataset\D4\Session_2\D4_S2_Front_emotions.csv,4971696,32782.0,8f5e8ea05583524879975398666c4edbb9c8f5c07b199ec89b24e9cc18a7c249
Preprocessed_Dataset,Preprocessed_Dataset\D4\Session_3\D4_S3_Front_emotions.csv,17314771,105118.0,3d022c3663f55c2c673aa8da2b07b8102ca32c258e8bb493583b7155317c8c89
Preprocessed_Dataset,Preprocessed_Dataset\D4\Session_4\D4_S4_Front_emotions.csv,5607925,34318.0,cdbd75156bc2bd6d397f2ad4d66b96c9343b02848061bd1bcc51ba8f0dfa8ed0
Preprocessed_Dataset,Preprocessed_Dataset\D5\Session_1\D5_S1_Front_emotions.csv,15514154,92234.0,fb575633f24371d5e3766127af1976bc5ed3f46942c987404b4b0c7e2164d5e9
Preprocessed_Dataset,Preprocessed_Dataset\D5\Session_2\D5_S2_Front_emotions.csv,5118225,30690.0,3a9bcfa66423feb744dcd0e4334d9f37c2621d560e63b868c7a23b80a0921e1d
Preprocessed_Dataset,Preprocessed_Dataset\D5\Session_3\D5_S3_Front_emotions.csv,13861280,84093.0,bf17b55ddf53080a0c83a99b82fde9eef293361cdbca7a5602012c0b2656e318
Preprocessed_Dataset,Preprocessed_Dataset\D5\Session_4\D5_S4_Front_emotions.csv,5189247,31437.0,62f2c1ac648178206d7392031f3de7aafce52e1ee3c3c925d3c5337769b68a6a
Preprocessed_Dataset,Preprocessed_Dataset\D6\Session_1\D6_S1_Front_emotions.csv,8368858,52042.0,35146d6b79bd4a2c51ef217c90c94ee9f35704a9e49a77632ddcd6ff79d0f9c9
Preprocessed_Dataset,Preprocessed_Dataset\D6\Session_3\D6_S3_Front_emotions.csv,10502017,62987.0,57b8dfcdba0f21dccd6b34f6cb457e27ea851b550a24f0fdb815f682b8f7f8d5
Preprocessed_Dataset,Preprocessed_Dataset\D6\Session_4\D6_S4_Front_emotions.csv,4287058,28372.0,256da571e800332ee1d892cecc2ce3cabfe0a9d602bbf2df3066e0ab90d082d2
Preprocessed_Dataset,Preprocessed_Dataset\D7\Session_1\D7_S1_Front_emotions.csv,19451558,118382.0,fefdf42dfafabc396299bd4eb28adec13c2af7871f1540f96b081b699f189928
Preprocessed_Dataset,Preprocessed_Dataset\D7\Session_2\D7_S2_Front_emotions.csv,4848919,30235.0,971c7aad081fd624894c795c8a4a89d2c1fc4ae10a7133f57afb84c37a624eeb
Preprocessed_Dataset,Preprocessed_Dataset\D7\Session_3\D7_S3_Front_emotions.csv,16385904,101166.0,40d5915fe4721fa30ca33a0a3d1f6a1c91f399ae40e708d7f1525cbb755479a9
Preprocessed_Dataset,Preprocessed_Dataset\D7\Session_4\D7_S4_Front_emotions.csv,5003687,31108.0,5f29b848b7230953f928cdfaf35aea22686f41a04d2648ef4d9b9ed92a0293e2
Preprocessed_Dataset,Preprocessed_Dataset\D8\Session_1\D8_S1_Front_emotions.csv,9965026,62305.0,7a3087ef803e0006233bf937b3bd32222294866ed7b50e031e4757a786961032
Preprocessed_Dataset,Preprocessed_Dataset\D8\Session_2\D8_S2_Front_emotions.csv,4772693,29227.0,f641642db90006c19a6764c166405c2f47bb891594bb86a0b2862769921c771e
Preprocessed_Dataset,Preprocessed_Dataset\D8\Session_3\D8_S3_Front_emotions.csv,19068692,116601.0,6e8f57488ff337aae2a61771992f0738ece8ad21a1b68bd8b41187158f830e61
Preprocessed_Dataset,Preprocessed_Dataset\D8\Session_4\D8_S4_Front_emotions.csv,5847680,36259.0,0b5d7ab23f99b3d9936feed6b4e467f78234e21757f8e0e9a00e7f2790b9f561
Preprocessed_Dataset,Preprocessed_Dataset\D9\Session_1\D9_S1_Front_emotions.csv,14807915,95832.0,d0059d2b990a8d3070203bcbc180c6c8b7b79583d7ac822e59797159644c0cc0
Preprocessed_Dataset,Preprocessed_Dataset\D9\Session_2\D9_S2_Front_emotions.csv,5305994,33616.0,88ab7e564b29e8f05b8d85c3e69e1b0670816f8a45ac8ebe453906714ca9f864
Preprocessed_Dataset,Preprocessed_Dataset\D9\Session_3\D9_S3_Front_emotions.csv,9155120,60506.0,175d7253bd8404f0557675be47037fb3481f7e05f9fb3f8ce364a69742da9909
Preprocessed_Dataset,Preprocessed_Dataset\D9\Session_4\D9_S4_Front_emotions.csv,5300771,33883.0,e58f69b727008b23f829b01aade5a4afecc02f2052918647e87ef79c01e78e39
Preprocessed_Dataset,Preprocessed_Dataset\D1\Session_1\D1_S1_Side_pose.csv,2435966,11740.0,81d35dc6fe02b3a376927f71a190254a3b4596eb2167267cae749f660d77702c
Preprocessed_Dataset,Preprocessed_Dataset\D1\Session_2\D1_S2_Side_pose.csv,1340389,6290.0,ca30958857863b407dc5b51de1a67ada544e571371cd580b83db75ab8e4edc79
Preprocessed_Dataset,Preprocessed_Dataset\D1\Session_3\D1_S3_Side_pose.csv,2091722,9773.0,bf06149273336242dc7944f1388511382749fa76ad64320a525af7b89c8c9736
Preprocessed_Dataset,Preprocessed_Dataset\D1\Session_4\D1_S4_Side_pose.csv,1079862,5061.0,2de069ccf90a628aaf4a1937118aa48c155a9f29f4837371e6c708593aa14db9
Preprocessed_Dataset,Preprocessed_Dataset\D10\Session_1\D10_S1_Side_pose.csv,3446606,16118.0,1f00cea4d8ae539c1d23314e9db6348d08556a9bfe89823a1d2bc0c68a8e5c90
Preprocessed_Dataset,Preprocessed_Dataset\D10\Session_2\D10_S2_Side_pose.csv,1024055,4807.0,d236950455dec838ccc7938e81fe8adf498944cf1a17183784392ec0aac4ae0f
Preprocessed_Dataset,Preprocessed_Dataset\D10\Session_4\D10_S4_Side_pose.csv,1202062,5630.0,615caa61da694bc5e9d138000289c9dc85c81ab834f8de6ab948275fada4c603
Preprocessed_Dataset,Preprocessed_Dataset\D11\Session_1\D11_S1_Side_pose.csv,1919080,9122.0,002c48faf5e80ad729473422e89b60c272b2de26c9057f4c16c4cbc9540998bb
Preprocessed_Dataset,Preprocessed_Dataset\D11\Session_2\D11_S2_Side_pose.csv,998439,4693.0,4e0cd1274ad9beebcae1a2a23d7c03e6525a2483f44fa65a052c64f9d6879ab4
Preprocessed_Dataset,Preprocessed_Dataset\D11\Session_3\D11_S3_Side_pose.csv,1907638,9019.0,dd2c3e16dc4f2eae1084442e121d044b8ed0f607e22a8c6ea807cbc9857668cb
Preprocessed_Dataset,Preprocessed_Dataset\D11\Session_4\D11_S4_Side_pose.csv,938427,4406.0,304a16f62f54087d3eed6da599d50700aa071e6c36325e2300ae32fb77b25cbf
Preprocessed_Dataset,Preprocessed_Dataset\D12\Session_1\D12_S1_Side_pose.csv,1866695,8872.0,36c5548fee0964de3543399b609010e7e080235dcf3f2ceecee243f27c6a0d94
Preprocessed_Dataset,Preprocessed_Dataset\D12\Session_2\D12_S2_Side_pose.csv,1165727,5536.0,9753bec892ffe112b650bfe9c1a88fe0b70137b24cd8d18d9bdc2929969593c2
Preprocessed_Dataset,Preprocessed_Dataset\D12\Session_3\D12_S3_Side_pose.csv,2349028,11123.0,7d29119bf7c2ba8d78388f8da00ba60d7c8d27e7377999481f45fe63f8e16145
Preprocessed_Dataset,Preprocessed_Dataset\D12\Session_4\D12_S4_Side_pose.csv,1307169,6118.0,c4f5700812407923da6fca46a274621b299bb0357ef3e91de631283e00a0e4ba
Preprocessed_Dataset,Preprocessed_Dataset\D13\Session_1\D13_S1_Side_pose.csv,3099664,14488.0,67b26db25453d1cfd4bb61d760f0dda7e454d683f99ff7233232276e562d3138
Preprocessed_Dataset,Preprocessed_Dataset\D13\Session_2\D13_S2_Side_pose.csv,1118299,5240.0,b68c5b3ccd7314a410f6270021f9f1e1c31b1d2a60f9e4866bbea9f51c0d760f
Preprocessed_Dataset,Preprocessed_Dataset\D13\Session_3\D13_S3_Side_pose.csv,3270413,15267.0,40c6299af2da460e88f13f803c18da6f505a320ac89ac3c5642a0a202a428fc4
Preprocessed_Dataset,Preprocessed_Dataset\D13\Session_4\D13_S4_Side_pose.csv,1250757,5858.0,fa2175d283e220b364e160675b0a7929594e60ab1ffe9fcb197c08dae9827752
Preprocessed_Dataset,Preprocessed_Dataset\D14\Session_1\D14_S1_Side_pose.csv,2591942,12317.0,194ec2c928aa1dc9a1d9a031a064918e566cdc38f60d66c80881a5019aad9d63
Preprocessed_Dataset,Preprocessed_Dataset\D14\Session_2\D14_S2_Side_pose.csv,1246673,5981.0,c13d4cfe32d417f57bc88546f237decc5653a64f0b51e985be308b4651a8781e
Preprocessed_Dataset,Preprocessed_Dataset\D14\Session_3\D14_S3_Side_pose.csv,2088257,9914.0,b1aedcb96590a9b0380c6f531c6120cf372b682775b5c82f6e0a0dbfab1e7e0c
Preprocessed_Dataset,Preprocessed_Dataset\D14\Session_4\D14_S4_Side_pose.csv,1219883,5766.0,280e18b40f7e8bef5b07ae4248471386bc21fa5d284783e050a4e40e8f964c45
Preprocessed_Dataset,Preprocessed_Dataset\D15\Session_1\D15_S1_Side_pose.csv,3121077,14570.0,c2d496e28dd093c191820086ad81936147d5b99b51845e17d52548a00ea52e2f
Preprocessed_Dataset,Preprocessed_Dataset\D15\Session_2\D15_S2_Side_pose.csv,1165128,5456.0,f5c34272aab42033f432e1c1e04a7c95bb240db846119e9e968767308bff3a10
Preprocessed_Dataset,Preprocessed_Dataset\D15\Session_3\D15_S3_Side_pose.csv,2440228,11553.0,7fbd99bc1c2e86ce696a5fd72e74ab511e928773621138fd1ac8618fcf0467d9
Preprocessed_Dataset,Preprocessed_Dataset\D15\Session_4\D15_S4_Side_pose.csv,1303014,6098.0,e797484bc1e846a20f35f78d30d96a84c3d1702d4a7ff30b43b71979caa7ee25
Preprocessed_Dataset,Preprocessed_Dataset\D16\Session_2\D16_S2_Side_pose.csv,992992,4692.0,b87a0cb451016eb3527bf490a3c068228a1539ef68dc76094de03d13acc80b34
Preprocessed_Dataset,Preprocessed_Dataset\D16\Session_3\D16_S3_Side_pose.csv,2581951,12387.0,3c86b9b387b43b0c4c2f257450477c3dd255086f825766ac64fdc98bc4535169
Preprocessed_Dataset,Preprocessed_Dataset\D16\Session_4\D16_S4_Side_pose.csv,1084743,5202.0,11669345c520a427b49e4443db5b0248f7a4e83cceafe2e5cfee3fb0676c4075
Preprocessed_Dataset,Preprocessed_Dataset\D17\Session_1\D17_S1_Side_pose.csv,1769153,8485.0,c0c8afe69ed6ce2e7d7e7be224a03bdb0c21f598a5965c411f48d5870c455428
Preprocessed_Dataset,Preprocessed_Dataset\D17\Session_2\D17_S2_Side_pose.csv,1022023,4857.0,650f58a2a29c7426d8e5ea74f16226c03c4f82c24608a6ef537aa01c77fba971
Preprocessed_Dataset,Preprocessed_Dataset\D17\Session_3\D17_S3_Side_pose.csv,2794593,13858.0,0acc6ef1d52af9514a1c698bde40bdbec4e24707bf75a427e14e8536e8e62eec
Preprocessed_Dataset,Preprocessed_Dataset\D17\Session_4\D17_S4_Side_pose.csv,1286112,6160.0,73035e25e3049345fbe235244f59321a8c9e009b13d1b49ede7b3c6fa0e0107c
Preprocessed_Dataset,Preprocessed_Dataset\D18\Session_1\D18_S1_Side_pose.csv,2074166,9792.0,542007ae4d25f91508c0eac09e08d0b5d6d94318190edd1b1fd20ce15c253068
Preprocessed_Dataset,Preprocessed_Dataset\D18\Session_2\D18_S2_Side_pose.csv,1168062,5681.0,c92926df13dc4a4200a06833aba288b2d01161ed425331ee3a4eb7d3264d9640
Preprocessed_Dataset,Preprocessed_Dataset\D18\Session_3\D18_S3_Side_pose.csv,1933453,9139.0,152a0d28ce19c6e233093ef72f2d02d6c9b410c6a01601a34dcef9c3540ed877
Preprocessed_Dataset,Preprocessed_Dataset\D18\Session_4\D18_S4_Side_pose.csv,1162150,5511.0,1c77cb4b1f659e46e1b8d50784ec5ab580d924c0e59d5881f114589ff310d227
Preprocessed_Dataset,Preprocessed_Dataset\D19\Session_1\D19_S1_Side_pose.csv,1467774,6908.0,29619f6b14d11c6c1802bd0fba7f5e2f1fb87a2d1180a055d56917c475d6384a
Preprocessed_Dataset,Preprocessed_Dataset\D19\Session_2\D19_S2_Side_pose.csv,1356360,6379.0,d99066d0790ad3221957565862de1f07ee7472cf3547b8a6ab46ec235f5d4583
Preprocessed_Dataset,Preprocessed_Dataset\D19\Session_3\D19_S3_Side_pose.csv,1854596,8775.0,80c213d8f49e08e2cf95f75f8c3d90692b63d3e04c875579644a95cbee4b7baa
Preprocessed_Dataset,Preprocessed_Dataset\D19\Session_4\D19_S4_Side_pose.csv,1273777,6083.0,03a93a2826cd3c5b20b6bdbc24802e6d763fe1ca14f49c8796123ad067bec884
Preprocessed_Dataset,Preprocessed_Dataset\D2\Session_1\D2_S1_Side_pose.csv,1962918,9350.0,0398d8ed46788560614af5bb54b3e9f8f119942c76c2c16625154e4e5d66e602
Preprocessed_Dataset,Preprocessed_Dataset\D2\Session_2\D2_S2_Side_pose.csv,1368228,6476.0,4fee62a4ffad696d78b2a7e8fa6e17367c8a6d9c309d30c12bee89eb8b7fadd3
Preprocessed_Dataset,Preprocessed_Dataset\D2\Session_4\D2_S4_Side_pose.csv,1259402,6114.0,4aed02a027f4cd559559ca2e34f6ef23f83c874a82913df76a2683399ac70f0c
Preprocessed_Dataset,Preprocessed_Dataset\D20\Session_1\D20_S1_Side_pose.csv,2269502,10686.0,5b16db3553b1fb635f80980d5e49b2d9bc31beac8ed83134779e5786cf2ec1fb
Preprocessed_Dataset,Preprocessed_Dataset\D20\Session_2\D20_S2_Side_pose.csv,1013867,4829.0,e4c64c3eae4d2fc117e9a925a98d284df6374c2a36c102c9a42e412a96467f2d
Preprocessed_Dataset,Preprocessed_Dataset\D20\Session_3\D20_S3_Side_pose.csv,3807772,18062.0,2f0262e69a8313583906988431b4758f98874a1ecf906de9ba134eb4cefa4854
Preprocessed_Dataset,Preprocessed_Dataset\D20\Session_4\D20_S4_Side_pose.csv,1157727,5508.0,645d4f7ae8c58a0616f1224669b143243c999fe615a1e67b09ceb0079a3eb2f2
Preprocessed_Dataset,Preprocessed_Dataset\D3\Session_1\D3_S1_Side_pose.csv,3020262,14095.0,3fac984ab2b96ce9ef43208f59b135d99a53abca96c7a866e9ed5302890564c3
Preprocessed_Dataset,Preprocessed_Dataset\D3\Session_2\D3_S2_Side_pose.csv,941118,4417.0,12d2da6faaa3e010c26e65ff71edfd7008809d63879a9a8a6462650a5ee7beba
Preprocessed_Dataset,Preprocessed_Dataset\D3\Session_3\D3_S3_Side_pose.csv,2445173,11414.0,6bd98221cb1613264f0b80412bf2a824d58de8111f0bb2233585d22c7049d506
Preprocessed_Dataset,Preprocessed_Dataset\D3\Session_4\D3_S4_Side_pose.csv,1350789,6320.0,5f24359ebf43d488257daac89fdb4033f5d1ef0662daed0fd37dcdcf43d33b7d
Preprocessed_Dataset,Preprocessed_Dataset\D4\Session_1\D4_S1_Side_pose.csv,2414673,11327.0,2cd49b65284032bc5035175dca6aae90d5cde4fca750491f4ff2649db9162dd2
Preprocessed_Dataset,Preprocessed_Dataset\D4\Session_2\D4_S2_Side_pose.csv,1165852,5463.0,7f506f1955b9528743093db9a974a74ed1b66c02a59ed905975877d0c0536a8b
Preprocessed_Dataset,Preprocessed_Dataset\D4\Session_3\D4_S3_Side_pose.csv,3757951,17523.0,a12c6a495ec79e9917c48f32dcfadad31e7dc90a6cfd5dbf2ed0df25dea14e63
Preprocessed_Dataset,Preprocessed_Dataset\D4\Session_4\D4_S4_Side_pose.csv,1220967,5720.0,58bf4bc65c7f37b9ea1eaabd873f49cd929ec6520660c6b9acac1fb9cc768577
Preprocessed_Dataset,Preprocessed_Dataset\D5\Session_1\D5_S1_Side_pose.csv,3215047,15375.0,a557133b838f8c67e85f433f1bdce3a3f11cbb9570c692a85ef254ff52e03874
Preprocessed_Dataset,Preprocessed_Dataset\D5\Session_2\D5_S2_Side_pose.csv,1091915,5115.0,d8f4cb41b223637c12735b806744fd7dc1b44a6e21e2e28fef166d4c9ddaefbf
Preprocessed_Dataset,Preprocessed_Dataset\D5\Session_3\D5_S3_Side_pose.csv,2953508,14018.0,3204349ebb6492a33f72b6d9c2129134a8c5c9b29a99b00619c50866f7e982cf
Preprocessed_Dataset,Preprocessed_Dataset\D5\Session_4\D5_S4_Side_pose.csv,1117656,5239.0,c5b8a507aaff29251e6cc6337827d07101bc5c03ced1ffed936b36aab6699dc8
Preprocessed_Dataset,Preprocessed_Dataset\D6\Session_1\D6_S1_Side_pose.csv,1845620,8675.0,e283a4b5c37c1739b2a98760207619ade1f08102e62a72f470c9aa0f68fa9d65
Preprocessed_Dataset,Preprocessed_Dataset\D6\Session_4\D6_S4_Side_pose.csv,1007004,4729.0,08103c2501a544368dfc6f1ad60bb585fa9c048817b37e2d50729dacc256b474
Preprocessed_Dataset,Preprocessed_Dataset\D7\Session_1\D7_S1_Side_pose.csv,4224571,19733.0,43d2dac419a25ffb15587e8ea2af03d54689c11baae5a43570a14147dc71c5dc
Preprocessed_Dataset,Preprocessed_Dataset\D7\Session_2\D7_S2_Side_pose.csv,1075184,5039.0,46479fe00c0d721b220a62bb861381192088d832c3356016d0cce44a5839d127
Preprocessed_Dataset,Preprocessed_Dataset\D7\Session_3\D7_S3_Side_pose.csv,3614292,16863.0,cffdc3ceda87b366451ae638a01cce3bb0c6772c727bdd28d07bdf8dfda7131d
Preprocessed_Dataset,Preprocessed_Dataset\D7\Session_4\D7_S4_Side_pose.csv,1106236,5184.0,ebdc0d08031fd26d11384856d0b977120c080311164e43cb0dca50b7399c9875
Preprocessed_Dataset,Preprocessed_Dataset\D8\Session_1\D8_S1_Side_pose.csv,2189281,10386.0,937a3a28576c949403cc70b624af6da56be09e8409b7eeba7d787b5a872572c0
Preprocessed_Dataset,Preprocessed_Dataset\D8\Session_2\D8_S2_Side_pose.csv,1039374,4871.0,457e0ff7e5f4e8acdfd4e4bbcd562e16de98a2f33dc95e9c08927d68dae7b031
Preprocessed_Dataset,Preprocessed_Dataset\D8\Session_3\D8_S3_Side_pose.csv,4112808,19437.0,173ad741e3074d2a9e59db7dd335b65ce92e7a9130236396ea0d6247d32b8512
Preprocessed_Dataset,Preprocessed_Dataset\D8\Session_4\D8_S4_Side_pose.csv,1291136,6043.0,95a7f140f1b1cd91521d1b7dc4e693001fd20f8f8ea42a16991c1b97bd4b03e3
Preprocessed_Dataset,Preprocessed_Dataset\D9\Session_1\D9_S1_Side_pose.csv,3420258,15974.0,5542689833bfa89d9f126e41ddfa6c52a52e7203b1c7859854fff720d969ab3f
Preprocessed_Dataset,Preprocessed_Dataset\D9\Session_2\D9_S2_Side_pose.csv,1195794,5602.0,754bfb09035c761d84e3976ae86bd6006fd0c7bd67a1e86514d6b4b8bb82b6ec
Preprocessed_Dataset,Preprocessed_Dataset\D9\Session_3\D9_S3_Side_pose.csv,2154639,10085.0,c639020f74bc330e343447ac0e01e91d0113174acc0d7ed4ad0b348a00afefd6
Preprocessed_Dataset,Preprocessed_Dataset\D9\Session_4\D9_S4_Side_pose.csv,1188786,5648.0,d8e29349cc941736e41f17526d0721df56c334b03bee5477afab73690803bf5d
Raw_Dataset,Raw_Dataset\D1\Session_1\D1_S1_VBOX_raw.csv,10836549,58698.0,0e27d1da7710dc2be7676ea30cf51ffe90c827e26492381026e8b72f743ac712
Raw_Dataset,Raw_Dataset\D1\Session_2\D1_S2_VBOX_raw.csv,5835013,31444.0,80b66fcff09c094ebc85f798f33e3229bf56023d7e4efee867ce785806e11e28
Raw_Dataset,Raw_Dataset\D1\Session_3\D1_S3_VBOX_raw.csv,9028179,48864.0,1910f7e71bc879a3c1f808dd5650fd04c0119c33869c24c85aa20e2a8fb7cea5
Raw_Dataset,Raw_Dataset\D1\Session_4\D1_S4_VBOX_raw.csv,4709076,25270.0,20cc6170d12f67a09d32fbcbdfbf5f11e400260a5480937e117a46f9e378316b
Raw_Dataset,Raw_Dataset\D10\Session_1\D10_S1_VBOX_raw.csv,14207522,80584.0,2fb43fb397019863f0aab8ee13462ac4010a2a3c48f6b35dfada0b3e96aaffd1
Raw_Dataset,Raw_Dataset\D10\Session_2\D10_S2_VBOX_raw.csv,4488019,24033.0,0cf976b4dd854f3c2e40c580529ac1ac06484fdf43a2fb58f9ea1492959dc9bd
Raw_Dataset,Raw_Dataset\D10\Session_3\D10_S3_VBOX_raw.csv,13874309,78475.0,c025d4320259199236b69296e12572e7d5a29ddfb3e93d3f4280f05d3900b018
Raw_Dataset,Raw_Dataset\D10\Session_4\D10_S4_VBOX_raw.csv,5237506,28147.0,dd286d6cdca442b05cb4c3fbe74cd76cac9d0da85c5c01456375e1bdef70de96
Raw_Dataset,Raw_Dataset\D11\Session_1\D11_S1_VBOX_raw.csv,8123501,45608.0,31f50c248849fe2417622f08c30cde8f8422c7bdfbe37550c640569115e7ca83
Raw_Dataset,Raw_Dataset\D11\Session_2\D11_S2_VBOX_raw.csv,4375078,23462.0,f113cfb0b913b79039a3f4ab2a6acaeee63aa21f833e589531f409c7c89f20e7
Raw_Dataset,Raw_Dataset\D11\Session_3\D11_S3_VBOX_raw.csv,8332855,45090.0,53d833f82b0fa648dd59d75c2b4923ffa6fb09cb0ed3723431fec3af32a7b7b7
Raw_Dataset,Raw_Dataset\D11\Session_4\D11_S4_VBOX_raw.csv,4111138,22025.0,bab4937a19d8d1d9f9d557d618aa52e17a71e0a3b7200082e258f6babf3603ea
Raw_Dataset,Raw_Dataset\D12\Session_1\D12_S1_VBOX_raw.csv,7890679,44353.0,afb620a1c8d4b8aebca8e2e64b61654b34adfeacac20d125f7007b1f8c4502ac
Raw_Dataset,Raw_Dataset\D12\Session_2\D12_S2_VBOX_raw.csv,5147704,27675.0,99d6976280fb1d2ae773982f67923fae1ad1192e9e6d687d56a3243ee0b49c3c
Raw_Dataset,Raw_Dataset\D12\Session_3\D12_S3_VBOX_raw.csv,10263056,55612.0,e57f35f36c14fa67fe5033671c78e7c607e70018b8335404dbb2028ec1c7e02e
Raw_Dataset,Raw_Dataset\D12\Session_4\D12_S4_VBOX_raw.csv,5468860,30588.0,62d43770d607ad5142ede2d51f964e7fab401492990191956cd49ae3e56ad8da
Raw_Dataset,Raw_Dataset\D13\Session_1\D13_S1_VBOX_raw.csv,13323173,72438.0,2cd1da9b736bf1cb917b22504c37296b081473dc84a5d8e989420f895955d9f1
Raw_Dataset,Raw_Dataset\D13\Session_2\D13_S2_VBOX_raw.csv,4683299,26196.0,9a0fe7759eb5365dd2b4961c23d2205c2339265b797b9ab18fc177e731381c8e
Raw_Dataset,Raw_Dataset\D13\Session_3\D13_S3_VBOX_raw.csv,13472082,76330.0,04c00961ed4a8178305a081e6f580173b10d0c87fc4a937ee1b7bd5d04333e6c
Raw_Dataset,Raw_Dataset\D13\Session_4\D13_S4_VBOX_raw.csv,5232039,29291.0,471f3ca5758b3fc3a5a7a20f4cce835654cc4f8fce705b0d5d786f32be5d1140
Raw_Dataset,Raw_Dataset\D14\Session_1\D14_S1_VBOX_raw.csv,10924310,61581.0,ba455c5685ee8cef4a6b38faf3ba5a232d34e681124bfe6da7247e01f3f764ac
Raw_Dataset,Raw_Dataset\D14\Session_2\D14_S2_VBOX_raw.csv,5340431,29888.0,048933e5ad23f87895df4a60be3e89a3b716302c5f1505005a5e970e1ae2fe2c
Raw_Dataset,Raw_Dataset\D14\Session_3\D14_S3_VBOX_raw.csv,9158562,49555.0,500fba607f49cdf50d07f38bc50eea8e833e832ba3e981d39f5a9f953d2f19c6
Raw_Dataset,Raw_Dataset\D14\Session_4\D14_S4_VBOX_raw.csv,5362998,28829.0,fdee70eaa91b5e5042316f3c177023b3dc20345e36f95f0f8269cd6f26f826d8
Raw_Dataset,Raw_Dataset\D15\Session_1\D15_S1_VBOX_raw.csv,13416236,72846.0,c74cb818f0354468e92fb0475403f5f24bab1b3b35210aa49f306956437ed473
Raw_Dataset,Raw_Dataset\D15\Session_2\D15_S2_VBOX_raw.csv,5078663,27280.0,795ff14856afb3518e248a6a539693bc8b21327fa96a0f616985c86a087bbf7b
Raw_Dataset,Raw_Dataset\D15\Session_3\D15_S3_VBOX_raw.csv,10672846,57760.0,4c2e066351b605fa125ffebd35d9ec5e2922691e4a57727be3915b2389612ff2
Raw_Dataset,Raw_Dataset\D15\Session_4\D15_S4_VBOX_raw.csv,5655625,30491.0,fd49ebc5d5cc12ebbccfeecf1b0734bae09250fa9fa5eb146367021684ce7d89
Raw_Dataset,Raw_Dataset\D16\Session_1\D16_S1_VBOX_raw.csv,9045892,48776.0,9840df42719178242fbdc1ca1c3c8a85bb5cbd146b7bf3b8d505acfd80c782df
Raw_Dataset,Raw_Dataset\D16\Session_2\D16_S2_VBOX_raw.csv,4362987,23459.0,79d5a9c7c3ee3e2c2c4f3358b6c7dc720029b9553edf83ed5345e00a781ca754
Raw_Dataset,Raw_Dataset\D16\Session_3\D16_S3_VBOX_raw.csv,10975194,61933.0,a974cafb98fe5ebfab4067f03f1a31ba663e25af4054387276a68ed1722d148d
Raw_Dataset,Raw_Dataset\D16\Session_4\D16_S4_VBOX_raw.csv,4834576,26005.0,fabcc79e414bfc63352d4a9ee8986da5e0d6b16e8ed92470a15cc78a3cf9ee59
Raw_Dataset,Raw_Dataset\D17\Session_1\D17_S1_VBOX_raw.csv,7844217,42417.0,8fcdcf69c49784097fd15025d096c5276035a31f668fc500881745cb3bdd22e5
Raw_Dataset,Raw_Dataset\D17\Session_2\D17_S2_VBOX_raw.csv,4473284,24098.0,3f712f2371dbfdc013078c06d8967d5391eb12ac62757ea244e13f1c2c0d6cad
Raw_Dataset,Raw_Dataset\D17\Session_3\D17_S3_VBOX_raw.csv,12711983,69283.0,428348dc25dde3df460636bc95d521f4997d7d7da6796777aa966a8104cd357e
Raw_Dataset,Raw_Dataset\D17\Session_4\D17_S4_VBOX_raw.csv,5506985,30796.0,080827a9704bab0594ea43cf6928d0eb68b7b4bbbe3cc4c4a85702764a7ac6f0
Raw_Dataset,Raw_Dataset\D18\Session_1\D18_S1_VBOX_raw.csv,9034242,48927.0,424a19b0d1d63d727c106bd6c595246fc8b0409408cb9c727fc4eca37ae41f87
Raw_Dataset,Raw_Dataset\D18\Session_2\D18_S2_VBOX_raw.csv,5080004,28403.0,3adbdf43fd33ca5f3a2eea945e74627ce1a4a95713f4ae1cd2a430db2726fe51
Raw_Dataset,Raw_Dataset\D18\Session_3\D18_S3_VBOX_raw.csv,8458291,45692.0,d08cac140c52a4f375f5c752fa39d7105e950af7268c236488fd892889684120
Raw_Dataset,Raw_Dataset\D18\Session_4\D18_S4_VBOX_raw.csv,5128031,27556.0,44f666a623b300db703dd9e11e8b22345c702b11401714772c54991d478ca94c
Raw_Dataset,Raw_Dataset\D19\Session_1\D19_S1_VBOX_raw.csv,6157907,34537.0,b5cb68bcfd9b26fe123145664dfa8bef28af7324d309fa1427e6a992c53d0fb1
Raw_Dataset,Raw_Dataset\D19\Session_2\D19_S2_VBOX_raw.csv,5697584,31892.0,0215093dff1edbb1eaecd148cde45b46bc0ac9f056a361fe1cab96f48e51b8a2
Raw_Dataset,Raw_Dataset\D19\Session_3\D19_S3_VBOX_raw.csv,8090536,43873.0,e34f47a3c98dd41b7ce4c7e9498f1a64d81114e0f88315bf8113715d773c06a0
Raw_Dataset,Raw_Dataset\D19\Session_4\D19_S4_VBOX_raw.csv,5436994,30415.0,10bf5ea04e2ecdf4d8245eb29dd1260893ca01f3057a165047c509400b45b7c8
Raw_Dataset,Raw_Dataset\D2\Session_1\D2_S1_VBOX_raw.csv,8626476,46743.0,c0fd8928c7f8ae102d4a802c6da30a51773f800fffe2e2215e74886392cb07fa
Raw_Dataset,Raw_Dataset\D2\Session_2\D2_S2_VBOX_raw.csv,6003402,32379.0,c37aba0e54645aefa7fdfdff6395fefcadc0fadfdd06fd37b614757c6f9aa146
Raw_Dataset,Raw_Dataset\D2\Session_3\D2_S3_VBOX_raw.csv,4418186,24076.0,19ff08a75d9005516c790a19607e5efbb5bd76316bb5e1d20357f5595fdea393
Raw_Dataset,Raw_Dataset\D2\Session_4\D2_S4_VBOX_raw.csv,5472958,30564.0,ba921b8685d28dc930356f34e20f44d63ca8854429eb563c47e56b250f3173d7
Raw_Dataset,Raw_Dataset\D20\Session_1\D20_S1_VBOX_raw.csv,9490420,53410.0,526c4fb25f7aa55b39b7463e66a52f804ea282dc288a92f8773d0af92f0632f1
Raw_Dataset,Raw_Dataset\D20\Session_2\D20_S2_VBOX_raw.csv,4503809,24139.0,ca0ff7459492daa3de79be223a7a54942e0f88b394fb0135de78343a884cdebe
Raw_Dataset,Raw_Dataset\D20\Session_3\D20_S3_VBOX_raw.csv,16568066,90306.0,dacb80b4800e2d34e1adadeaff557156272ec7f7de956e7af1dc07dc38ee8340
Raw_Dataset,Raw_Dataset\D20\Session_4\D20_S4_VBOX_raw.csv,5120187,27535.0,4744724a6f3940cded0591fd1ce2a9f2fbe1364e6646b809e8ef75c2bd064c90
Raw_Dataset,Raw_Dataset\D3\Session_1\D3_S1_VBOX_raw.csv,12499181,70476.0,390783e2360d54c47145b285a81430dbd1e3c77a3ec84750ff52a1ad653bf0d2
Raw_Dataset,Raw_Dataset\D3\Session_2\D3_S2_VBOX_raw.csv,4120992,22082.0,149b503dfbe37406d06bf2f082573815437a326c74496230fa7254060bfe53dd
Raw_Dataset,Raw_Dataset\D3\Session_3\D3_S3_VBOX_raw.csv,10135406,57072.0,67e58ff9d76c0c517a9a8d122ac6bf9d2b852859dc9035250e8e9bc7ccd9bfc5
Raw_Dataset,Raw_Dataset\D3\Session_4\D3_S4_VBOX_raw.csv,5862236,31593.0,76cfc179bfb2dcfede28e40534867880de181bcb961708b02d88c040d45f5008
Raw_Dataset,Raw_Dataset\D4\Session_1\D4_S1_VBOX_raw.csv,10451306,56622.0,78cec839f926c34dfe0a6d2277aa9a6c04e6aa796f125cb2ec42f72fff71b540
Raw_Dataset,Raw_Dataset\D4\Session_2\D4_S2_VBOX_raw.csv,5078760,27304.0,69317c1f5b64511b3725b0b539bde2f48f5b3b5b696be9349cf6d820f13df274
Raw_Dataset,Raw_Dataset\D4\Session_3\D4_S3_VBOX_raw.csv,16066279,87597.0,08cac07cceedc589cab2fda42c6e286da2ffb7b3a8e985353ba63229f0a3caf4
Raw_Dataset,Raw_Dataset\D4\Session_4\D4_S4_VBOX_raw.csv,5120959,28584.0,ca85e7314ed1c990b6e502c391e8a78fc8712bc32c7afe6c6b2cd3d0576d4cc4
Raw_Dataset,Raw_Dataset\D5\Session_1\D5_S1_VBOX_raw.csv,14120864,76871.0,0e74ea984663370297fe6ab5e89a6249abb555b6cfe6cb90d8f34a5f5bb5aa10
Raw_Dataset,Raw_Dataset\D5\Session_2\D5_S2_VBOX_raw.csv,4576679,25568.0,fdbde35b469b010c0f675451457240c2bd82760dc5a1d1c87add6d3d451f7e5a
Raw_Dataset,Raw_Dataset\D5\Session_3\D5_S3_VBOX_raw.csv,12427321,70086.0,a08548a1108e947f6b7250801b68e3fd0b8208f6c7038a1d605fdfe5258e5817
Raw_Dataset,Raw_Dataset\D5\Session_4\D5_S4_VBOX_raw.csv,4865764,26193.0,5eaedfb7ee27f689d5e020b42a56da23456908d42e22888d91b374e9eec317fc
Raw_Dataset,Raw_Dataset\D6\Session_1\D6_S1_VBOX_raw.csv,8010560,43370.0,85b1709c1efae03f1c4689f8785687fa6ab146cef8e85ea0b10442b89dc3abb2
Raw_Dataset,Raw_Dataset\D6\Session_3\D6_S3_VBOX_raw.csv,9674438,52494.0,64023f13452551dcda9b689202a0e89bb4417b3cfb16ce41238a9e84b46e043f
Raw_Dataset,Raw_Dataset\D6\Session_4\D6_S4_VBOX_raw.csv,4405802,23642.0,25cf96e0361f3ae62de09904e529df02a473bb59bbe4a6bd236ad7c290a8277b
Raw_Dataset,Raw_Dataset\D7\Session_1\D7_S1_VBOX_raw.csv,18110538,98662.0,ba5cc4bac60fde941ac3709f827c6eff3b20bf8b4509da61e1d8e6ef8924d4a9
Raw_Dataset,Raw_Dataset\D7\Session_2\D7_S2_VBOX_raw.csv,4692337,25193.0,54e6418581b6e57e8cd5665e430e1623881ef539786c192882fd1f780b3e2a05
Raw_Dataset,Raw_Dataset\D7\Session_3\D7_S3_VBOX_raw.csv,15527068,84309.0,03446d246b4dac9e47204944cbbcde18eb638ae453bad459ad79c0d591f9e832
Raw_Dataset,Raw_Dataset\D7\Session_4\D7_S4_VBOX_raw.csv,4830801,25921.0,3e053b026507c0edba4026bd8d39f48ecdf1f0cc73c6b74a02c82ce7532102ea
Raw_Dataset,Raw_Dataset\D8\Session_1\D8_S1_VBOX_raw.csv,9208390,51677.0,6d7426018b6780a79a27d5c738cf5d76cd68c05a90f822b356b3b19a6f3a707b
Raw_Dataset,Raw_Dataset\D8\Session_2\D8_S2_VBOX_raw.csv,4535933,24355.0,a414abcacf7a2b654b0518dab9bf3ee9be3d6c1d898b309ed850f599a12ea236
Raw_Dataset,Raw_Dataset\D8\Session_3\D8_S3_VBOX_raw.csv,17800381,97177.0,1abb2819cb02280e914787ff2f8114d56995a5d1cdfde4b82634c58166222f61
Raw_Dataset,Raw_Dataset\D8\Session_4\D8_S4_VBOX_raw.csv,5591017,30130.0,e58fad59805e044b8ee757a3aee6ecaaee9774253878fb6cfb8a5e6206da957f
Raw_Dataset,Raw_Dataset\D9\Session_1\D9_S1_VBOX_raw.csv,14690236,79869.0,f5e24b2a0aa7561ae7f82f9d0b87c6fcf37fd3396af505378e865696f007193b
Raw_Dataset,Raw_Dataset\D9\Session_2\D9_S2_VBOX_raw.csv,5201867,27992.0,c7f596837f6112eb1bee150c9cca7539df91ee7c01d3096dc3b11e7cad3accb9
Raw_Dataset,Raw_Dataset\D9\Session_3\D9_S3_VBOX_raw.csv,9331918,50426.0,243649502838debdfc9bdf21a3de375b72a64328c1e3deefa3238272aeb0de03
Raw_Dataset,Raw_Dataset\D9\Session_4\D9_S4_VBOX_raw.csv,5055681,28234.0,7db54e8c4ef90bd2294b34dbddcda68f0987ca865114802eafcd4d9ac84a8cee
Raw_Dataset,Raw_Dataset\D1\Session_1\D1_S1_Front_blurred.mp4,274046292,,NOT_COMPUTED_size_only
Raw_Dataset,Raw_Dataset\D1\Session_1\D1_S1_Side_blurred.mp4,198973488,,NOT_COMPUTED_size_only
Raw_Dataset,Raw_Dataset\D1\Session_2\D1_S2_Front_blurred.mp4,141289544,,NOT_COMPUTED_size_only
Raw_Dataset,Raw_Dataset\D1\Session_2\D1_S2_Side_blurred.mp4,148699716,,NOT_COMPUTED_size_only
Raw_Dataset,Raw_Dataset\D1\Session_3\D1_S3_Front_blurred.mp4,179831042,,NOT_COMPUTED_size_only
Raw_Dataset,Raw_Dataset\D1\Session_3\D1_S3_Side_blurred.mp4,184409489,,NOT_COMPUTED_size_only
Raw_Dataset,Raw_Dataset\D1\Session_4\D1_S4_Front_blurred.mp4,108205360,,NOT_COMPUTED_size_only
Raw_Dataset,Raw_Dataset\D1\Session_4\D1_S4_Side_blurred.mp4,122805362,,NOT_COMPUTED_size_only
Raw_Dataset,Raw_Dataset\D10\Session_1\D10_S1_Front_blurred.mp4,304973204,,NOT_COMPUTED_size_only
Raw_Dataset,Raw_Dataset\D10\Session_1\D10_S1_Side_blurred.mp4,285466150,,NOT_COMPUTED_size_only
Raw_Dataset,Raw_Dataset\D10\Session_2\D10_S2_Front_blurred.mp4,108765618,,NOT_COMPUTED_size_only
Raw_Dataset,Raw_Dataset\D10\Session_2\D10_S2_Side_blurred.mp4,120582699,,NOT_COMPUTED_size_only
Raw_Dataset,Raw_Dataset\D10\Session_3\D10_S3_Front_blurred.mp4,327305459,,NOT_COMPUTED_size_only
Raw_Dataset,Raw_Dataset\D10\Session_4\D10_S4_Front_blurred.mp4,133690414,,NOT_COMPUTED_size_only
Raw_Dataset,Raw_Dataset\D10\Session_4\D10_S4_Side_blurred.mp4,151017429,,NOT_COMPUTED_size_only
Raw_Dataset,Raw_Dataset\D11\Session_1\D11_S1_Front_blurred.mp4,177204785,,NOT_COMPUTED_size_only
Raw_Dataset,Raw_Dataset\D11\Session_1\D11_S1_Side_blurred.mp4,177870206,,NOT_COMPUTED_size_only
Raw_Dataset,Raw_Dataset\D11\Session_2\D11_S2_Front_blurred.mp4,97603591,,NOT_COMPUTED_size_only
Raw_Dataset,Raw_Dataset\D11\Session_2\D11_S2_Side_blurred.mp4,116219491,,NOT_COMPUTED_size_only
Raw_Dataset,Raw_Dataset\D11\Session_3\D11_S3_Front_blurred.mp4,191822941,,NOT_COMPUTED_size_only
Raw_Dataset,Raw_Dataset\D11\Session_4\D11_S4_Front_blurred.mp4,90304587,,NOT_COMPUTED_size_only
Raw_Dataset,Raw_Dataset\D11\Session_4\D11_S4_Side_blurred.mp4,109614974,,NOT_COMPUTED_size_only
Raw_Dataset,Raw_Dataset\D12\Session_1\D12_S1_Front_blurred.mp4,191264520,,NOT_COMPUTED_size_only
Raw_Dataset,Raw_Dataset\D12\Session_1\D12_S1_Side_blurred.mp4,191016417,,NOT_COMPUTED_size_only
Raw_Dataset,Raw_Dataset\D12\Session_2\D12_S2_Front_blurred.mp4,142834091,,NOT_COMPUTED_size_only
Raw_Dataset,Raw_Dataset\D12\Session_2\D12_S2_Side_blurred.mp4,151264022,,NOT_COMPUTED_size_only
Raw_Dataset,Raw_Dataset\D12\Session_3\D12_S3_Front_blurred.mp4,250055577,,NOT_COMPUTED_size_only
Raw_Dataset,Raw_Dataset\D12\Session_3\D12_S3_Side_blurred.mp4,256320664,,NOT_COMPUTED_size_only
Raw_Dataset,Raw_Dataset\D12\Session_4\D12_S4_Front_blurred.mp4,146392354,,NOT_COMPUTED_size_only
Raw_Dataset,Raw_Dataset\D12\Session_4\D12_S4_Side_blurred.mp4,161827656,,NOT_COMPUTED_size_only
Raw_Dataset,Raw_Dataset\D13\Session_1\D13_S1_Front_blurred.mp4,289794899,,NOT_COMPUTED_size_only
Raw_Dataset,Raw_Dataset\D13\Session_1\D13_S1_Side_blurred.mp4,289452985,,NOT_COMPUTED_size_only
Raw_Dataset,Raw_Dataset\D13\Session_2\D13_S2_Front_blurred.mp4,121702658,,NOT_COMPUTED_size_only
Raw_Dataset,Raw_Dataset\D13\Session_2\D13_S2_Side_blurred.mp4,126555914,,NOT_COMPUTED_size_only
Raw_Dataset,Raw_Dataset\D13\Session_3\D13_S3_Front_blurred.mp4,304098620,,NOT_COMPUTED_size_only
Raw_Dataset,Raw_Dataset\D13\Session_3\D13_S3_Side_blurred.mp4,321187606,,NOT_COMPUTED_size_only
Raw_Dataset,Raw_Dataset\D13\Session_4\D13_S4_Front_blurred.mp4,139279712,,NOT_COMPUTED_size_only
Raw_Dataset,Raw_Dataset\D13\Session_4\D13_S4_Side_blurred.mp4,144906676,,NOT_COMPUTED_size_only
Raw_Dataset,Raw_Dataset\D14\Session_1\D14_S1_Front_blurred.mp4,223997691,,NOT_COMPUTED_size_only
Raw_Dataset,Raw_Dataset\D14\Session_1\D14_S1_Side_blurred.mp4,232787833,,NOT_COMPUTED_size_only
Raw_Dataset,Raw_Dataset\D14\Session_2\D14_S2_Front_blurred.mp4,126892917,,NOT_COMPUTED_size_only
Raw_Dataset,Raw_Dataset\D14\Session_2\D14_S2_Side_blurred.mp4,131188423,,NOT_COMPUTED_size_only
Raw_Dataset,Raw_Dataset\D14\Session_3\D14_S3_Front_blurred.mp4,182746138,,NOT_COMPUTED_size_only
Raw_Dataset,Raw_Dataset\D14\Session_3\D14_S3_Side_blurred.mp4,192655571,,NOT_COMPUTED_size_only
Raw_Dataset,Raw_Dataset\D14\Session_4\D14_S4_Front_blurred.mp4,125507912,,NOT_COMPUTED_size_only
Raw_Dataset,Raw_Dataset\D14\Session_4\D14_S4_Side_blurred.mp4,129397513,,NOT_COMPUTED_size_only
Raw_Dataset,Raw_Dataset\D15\Session_1\D15_S1_Front_blurred.mp4,275860031,,NOT_COMPUTED_size_only
Raw_Dataset,Raw_Dataset\D15\Session_1\D15_S1_Side_blurred.mp4,267485441,,NOT_COMPUTED_size_only
Raw_Dataset,Raw_Dataset\D15\Session_2\D15_S2_Front_blurred.mp4,125010809,,NOT_COMPUTED_size_only
Raw_Dataset,Raw_Dataset\D15\Session_2\D15_S2_Side_blurred.mp4,137311492,,NOT_COMPUTED_size_only
Raw_Dataset,Raw_Dataset\D15\Session_3\D15_S3_Front_blurred.mp4,261889666,,NOT_COMPUTED_size_only
Raw_Dataset,Raw_Dataset\D15\Session_3\D15_S3_Side_blurred.mp4,270534829,,NOT_COMPUTED_size_only
Raw_Dataset,Raw_Dataset\D15\Session_4\D15_S4_Front_blurred.mp4,132150068,,NOT_COMPUTED_size_only
Raw_Dataset,Raw_Dataset\D15\Session_4\D15_S4_Side_blurred.mp4,142542337,,NOT_COMPUTED_size_only
Raw_Dataset,Raw_Dataset\D16\Session_1\D16_S1_Front_blurred.mp4,209566857,,NOT_COMPUTED_size_only
Raw_Dataset,Raw_Dataset\D16\Session_2\D16_S2_Front_blurred.mp4,94187313,,NOT_COMPUTED_size_only
Raw_Dataset,Raw_Dataset\D16\Session_2\D16_S2_Side_blurred.mp4,107238288,,NOT_COMPUTED_size_only
Raw_Dataset,Raw_Dataset\D16\Session_3\D16_S3_Front_blurred.mp4,230164447,,NOT_COMPUTED_size_only
Raw_Dataset,Raw_Dataset\D16\Session_3\D16_S3_Side_blurred.mp4,206499830,,NOT_COMPUTED_size_only
Raw_Dataset,Raw_Dataset\D16\Session_4\D16_S4_Front_blurred.mp4,105919986,,NOT_COMPUTED_size_only
Raw_Dataset,Raw_Dataset\D16\Session_4\D16_S4_Side_blurred.mp4,118880130,,NOT_COMPUTED_size_only
Raw_Dataset,Raw_Dataset\D17\Session_1\D17_S1_Front_blurred.mp4,155859630,,NOT_COMPUTED_size_only
Raw_Dataset,Raw_Dataset\D17\Session_1\D17_S1_Side_blurred.mp4,159638164,,NOT_COMPUTED_size_only
Raw_Dataset,Raw_Dataset\D17\Session_2\D17_S2_Front_blurred.mp4,98686835,,NOT_COMPUTED_size_only
Raw_Dataset,Raw_Dataset\D17\Session_2\D17_S2_Side_blurred.mp4,100332823,,NOT_COMPUTED_size_only
Raw_Dataset,Raw_Dataset\D17\Session_3\D17_S3_Front_blurred.mp4,222730205,,NOT_COMPUTED_size_only
Raw_Dataset,Raw_Dataset\D17\Session_3\D17_S3_Side_blurred.mp4,230017214,,NOT_COMPUTED_size_only
Raw_Dataset,Raw_Dataset\D17\Session_4\D17_S4_Front_blurred.mp4,122598070,,NOT_COMPUTED_size_only
Raw_Dataset,Raw_Dataset\D17\Session_4\D17_S4_Side_blurred.mp4,131934914,,NOT_COMPUTED_size_only
Raw_Dataset,Raw_Dataset\D18\Session_1\D18_S1_Front_blurred.mp4,176813605,,NOT_COMPUTED_size_only
Raw_Dataset,Raw_Dataset\D18\Session_1\D18_S1_Side_blurred.mp4,187293922,,NOT_COMPUTED_size_only
Raw_Dataset,Raw_Dataset\D18\Session_2\D18_S2_Front_blurred.mp4,113827562,,NOT_COMPUTED_size_only
Raw_Dataset,Raw_Dataset\D18\Session_2\D18_S2_Side_blurred.mp4,121325019,,NOT_COMPUTED_size_only
Raw_Dataset,Raw_Dataset\D18\Session_3\D18_S3_Front_blurred.mp4,175593449,,NOT_COMPUTED_size_only
Raw_Dataset,Raw_Dataset\D18\Session_3\D18_S3_Side_blurred.mp4,185710843,,NOT_COMPUTED_size_only
Raw_Dataset,Raw_Dataset\D18\Session_4\D18_S4_Front_blurred.mp4,116149485,,NOT_COMPUTED_size_only
Raw_Dataset,Raw_Dataset\D18\Session_4\D18_S4_Side_blurred.mp4,117994095,,NOT_COMPUTED_size_only
Raw_Dataset,Raw_Dataset\D19\Session_1\D19_S1_Front_blurred.mp4,142036444,,NOT_COMPUTED_size_only
Raw_Dataset,Raw_Dataset\D19\Session_1\D19_S1_Side_blurred.mp4,121073525,,NOT_COMPUTED_size_only
Raw_Dataset,Raw_Dataset\D19\Session_2\D19_S2_Front_blurred.mp4,117830929,,NOT_COMPUTED_size_only
Raw_Dataset,Raw_Dataset\D19\Session_2\D19_S2_Side_blurred.mp4,123072207,,NOT_COMPUTED_size_only
Raw_Dataset,Raw_Dataset\D19\Session_3\D19_S3_Front_blurred.mp4,163624592,,NOT_COMPUTED_size_only
Raw_Dataset,Raw_Dataset\D19\Session_3\D19_S3_Side_blurred.mp4,149591796,,NOT_COMPUTED_size_only
Raw_Dataset,Raw_Dataset\D19\Session_4\D19_S4_Front_blurred.mp4,115322413,,NOT_COMPUTED_size_only
Raw_Dataset,Raw_Dataset\D19\Session_4\D19_S4_Side_blurred.mp4,118986747,,NOT_COMPUTED_size_only
Raw_Dataset,Raw_Dataset\D2\Session_1\D2_S1_Front_blurred.mp4,157799281,,NOT_COMPUTED_size_only
Raw_Dataset,Raw_Dataset\D2\Session_1\D2_S1_Side_blurred.mp4,172031318,,NOT_COMPUTED_size_only
Raw_Dataset,Raw_Dataset\D2\Session_2\D2_S2_Front_blurred.mp4,127648369,,NOT_COMPUTED_size_only
Raw_Dataset,Raw_Dataset\D2\Session_2\D2_S2_Side_blurred.mp4,144917422,,NOT_COMPUTED_size_only
Raw_Dataset,Raw_Dataset\D2\Session_3\D2_S3_Front_blurred.mp4,93056904,,NOT_COMPUTED_size_only
Raw_Dataset,Raw_Dataset\D2\Session_4\D2_S4_Front_blurred.mp4,132721691,,NOT_COMPUTED_size_only
Raw_Dataset,Raw_Dataset\D2\Session_4\D2_S4_Side_blurred.mp4,144594294,,NOT_COMPUTED_size_only
Raw_Dataset,Raw_Dataset\D20\Session_1\D20_S1_Front_blurred.mp4,192758779,,NOT_COMPUTED_size_only
Raw_Dataset,Raw_Dataset\D20\Session_1\D20_S1_Side_blurred.mp4,202732377,,NOT_COMPUTED_size_only
Raw_Dataset,Raw_Dataset\D20\Session_2\D20_S2_Front_blurred.mp4,99126997,,NOT_COMPUTED_size_only
Raw_Dataset,Raw_Dataset\D20\Session_2\D20_S2_Side_blurred.mp4,101650578,,NOT_COMPUTED_size_only
Raw_Dataset,Raw_Dataset\D20\Session_3\D20_S3_Front_blurred.mp4,341288173,,NOT_COMPUTED_size_only
Raw_Dataset,Raw_Dataset\D20\Session_3\D20_S3_Side_blurred.mp4,326293004,,NOT_COMPUTED_size_only
Raw_Dataset,Raw_Dataset\D20\Session_4\D20_S4_Front_blurred.mp4,107300968,,NOT_COMPUTED_size_only
Raw_Dataset,Raw_Dataset\D20\Session_4\D20_S4_Side_blurred.mp4,114906478,,NOT_COMPUTED_size_only
Raw_Dataset,Raw_Dataset\D3\Session_1\D3_S1_Front_blurred.mp4,299554765,,NOT_COMPUTED_size_only
Raw_Dataset,Raw_Dataset\D3\Session_1\D3_S1_Side_blurred.mp4,293865891,,NOT_COMPUTED_size_only
Raw_Dataset,Raw_Dataset\D3\Session_2\D3_S2_Front_blurred.mp4,94523496,,NOT_COMPUTED_size_only
Raw_Dataset,Raw_Dataset\D3\Session_2\D3_S2_Side_blurred.mp4,100211442,,NOT_COMPUTED_size_only
Raw_Dataset,Raw_Dataset\D3\Session_3\D3_S3_Front_blurred.mp4,224600949,,NOT_COMPUTED_size_only
Raw_Dataset,Raw_Dataset\D3\Session_3\D3_S3_Side_blurred.mp4,220863801,,NOT_COMPUTED_size_only
Raw_Dataset,Raw_Dataset\D3\Session_4\D3_S4_Front_blurred.mp4,132456150,,NOT_COMPUTED_size_only
Raw_Dataset,Raw_Dataset\D3\Session_4\D3_S4_Side_blurred.mp4,149256414,,NOT_COMPUTED_size_only
Raw_Dataset,Raw_Dataset\D4\Session_1\D4_S1_Front_blurred.mp4,228578126,,NOT_COMPUTED_size_only
Raw_Dataset,Raw_Dataset\D4\Session_1\D4_S1_Side_blurred.mp4,233707158,,NOT_COMPUTED_size_only
Raw_Dataset,Raw_Dataset\D4\Session_2\D4_S2_Front_blurred.mp4,125860306,,NOT_COMPUTED_size_only
Raw_Dataset,Raw_Dataset\D4\Session_2\D4_S2_Side_blurred.mp4,129974048,,NOT_COMPUTED_size_only
Raw_Dataset,Raw_Dataset\D4\Session_3\D4_S3_Front_blurred.mp4,356327848,,NOT_COMPUTED_size_only
Raw_Dataset,Raw_Dataset\D4\Session_3\D4_S3_Side_blurred.mp4,339336917,,NOT_COMPUTED_size_only
Raw_Dataset,Raw_Dataset\D4\Session_4\D4_S4_Front_blurred.mp4,130509287,,NOT_COMPUTED_size_only
Raw_Dataset,Raw_Dataset\D4\Session_4\D4_S4_Side_blurred.mp4,145192840,,NOT_COMPUTED_size_only
Raw_Dataset,Raw_Dataset\D5\Session_1\D5_S1_Front_blurred.mp4,334461734,,NOT_COMPUTED_size_only
Raw_Dataset,Raw_Dataset\D5\Session_1\D5_S1_Side_blurred.mp4,357251364,,NOT_COMPUTED_size_only
Raw_Dataset,Raw_Dataset\D5\Session_2\D5_S2_Front_blurred.mp4,122768851,,NOT_COMPUTED_size_only
Raw_Dataset,Raw_Dataset\D5\Session_2\D5_S2_Side_blurred.mp4,144474090,,NOT_COMPUTED_size_only
Raw_Dataset,Raw_Dataset\D5\Session_3\D5_S3_Front_blurred.mp4,297370956,,NOT_COMPUTED_size_only
Raw_Dataset,Raw_Dataset\D5\Session_3\D5_S3_Side_blurred.mp4,297657451,,NOT_COMPUTED_size_only
Raw_Dataset,Raw_Dataset\D5\Session_4\D5_S4_Front_blurred.mp4,119414421,,NOT_COMPUTED_size_only
Raw_Dataset,Raw_Dataset\D5\Session_4\D5_S4_Side_blurred.mp4,137892417,,NOT_COMPUTED_size_only
Raw_Dataset,Raw_Dataset\D6\Session_1\D6_S1_Front_blurred.mp4,173632826,,NOT_COMPUTED_size_only
Raw_Dataset,Raw_Dataset\D6\Session_1\D6_S1_Side_blurred.mp4,175497575,,NOT_COMPUTED_size_only
Raw_Dataset,Raw_Dataset\D6\Session_3\D6_S3_Front_blurred.mp4,214337392,,NOT_COMPUTED_size_only
Raw_Dataset,Raw_Dataset\D6\Session_4\D6_S4_Front_blurred.mp4,119747687,,NOT_COMPUTED_size_only
Raw_Dataset,Raw_Dataset\D6\Session_4\D6_S4_Side_blurred.mp4,137371151,,NOT_COMPUTED_size_only
Raw_Dataset,Raw_Dataset\D7\Session_1\D7_S1_Front_blurred.mp4,340761252,,NOT_COMPUTED_size_only
Raw_Dataset,Raw_Dataset\D7\Session_1\D7_S1_Side_blurred.mp4,321790974,,NOT_COMPUTED_size_only
Raw_Dataset,Raw_Dataset\D7\Session_2\D7_S2_Front_blurred.mp4,116308827,,NOT_COMPUTED_size_only
Raw_Dataset,Raw_Dataset\D7\Session_2\D7_S2_Side_blurred.mp4,118001429,,NOT_COMPUTED_size_only
Raw_Dataset,Raw_Dataset\D7\Session_3\D7_S3_Front_blurred.mp4,342786869,,NOT_COMPUTED_size_only
Raw_Dataset,Raw_Dataset\D7\Session_3\D7_S3_Side_blurred.mp4,330372562,,NOT_COMPUTED_size_only
Raw_Dataset,Raw_Dataset\D7\Session_4\D7_S4_Front_blurred.mp4,138427356,,NOT_COMPUTED_size_only
Raw_Dataset,Raw_Dataset\D7\Session_4\D7_S4_Side_blurred.mp4,152501864,,NOT_COMPUTED_size_only
Raw_Dataset,Raw_Dataset\D8\Session_1\D8_S1_Front_blurred.mp4,213243330,,NOT_COMPUTED_size_only
Raw_Dataset,Raw_Dataset\D8\Session_1\D8_S1_Side_blurred.mp4,213554322,,NOT_COMPUTED_size_only
Raw_Dataset,Raw_Dataset\D8\Session_2\D8_S2_Front_blurred.mp4,100477655,,NOT_COMPUTED_size_only
Raw_Dataset,Raw_Dataset\D8\Session_2\D8_S2_Side_blurred.mp4,111209391,,NOT_COMPUTED_size_only
Raw_Dataset,Raw_Dataset\D8\Session_3\D8_S3_Front_blurred.mp4,356029512,,NOT_COMPUTED_size_only
Raw_Dataset,Raw_Dataset\D8\Session_3\D8_S3_Side_blurred.mp4,346871440,,NOT_COMPUTED_size_only
Raw_Dataset,Raw_Dataset\D8\Session_4\D8_S4_Front_blurred.mp4,131511080,,NOT_COMPUTED_size_only
Raw_Dataset,Raw_Dataset\D8\Session_4\D8_S4_Side_blurred.mp4,135259698,,NOT_COMPUTED_size_only
Raw_Dataset,Raw_Dataset\D9\Session_1\D9_S1_Front_blurred.mp4,294002908,,NOT_COMPUTED_size_only
Raw_Dataset,Raw_Dataset\D9\Session_1\D9_S1_Side_blurred.mp4,287530566,,NOT_COMPUTED_size_only
Raw_Dataset,Raw_Dataset\D9\Session_2\D9_S2_Front_blurred.mp4,126454503,,NOT_COMPUTED_size_only
Raw_Dataset,Raw_Dataset\D9\Session_2\D9_S2_Side_blurred.mp4,123103463,,NOT_COMPUTED_size_only
Raw_Dataset,Raw_Dataset\D9\Session_3\D9_S3_Front_blurred.mp4,202697591,,NOT_COMPUTED_size_only
Raw_Dataset,Raw_Dataset\D9\Session_3\D9_S3_Side_blurred.mp4,177672791,,NOT_COMPUTED_size_only
Raw_Dataset,Raw_Dataset\D9\Session_4\D9_S4_Front_blurred.mp4,131348621,,NOT_COMPUTED_size_only
Raw_Dataset,Raw_Dataset\D9\Session_4\D9_S4_Side_blurred.mp4,128998055,,NOT_COMPUTED_size_only
release,harsh_events_v2.csv,19975,176.0,6082aed5ca48129db05ea0e2bee746c130ee5e66be7f77efc86bfd3a640a3b53
release,scr_events_native.csv,1326013,26292.0,12fe7155599b135a9c9b3184bb8db48f1ee0fe4d5194af8e7623470e72811305
release,Calibration_Drives/calibration_drive1_VBOX_native.csv,3033537,16773.0,4f4ebcb6105e93a01abfd5efefb79a0f1100011bf35dc3e9e3d8a2488a4333ff
release,Calibration_Drives/calibration_drive2_VBOX_native.csv,5287751,29494.0,2cc9fca05404bdf892279c055f30a4b8520e4c8c5a66e8ff638ecdaafe606acb
release,Calibration_Drives/calibration_drive3_VBOX_native.csv,712191,4007.0,112730120022c646fe9a86c9ae344f9083710fa59094eb4c2ac20faeab0b8e26
release,Calibration_Drives/calibration_drives.csv,961,3.0,27460723da0f83bd77e801a538f859a872c05cf943711f115b23d6df597483c4
release,Calibration_Drives/calibration_manoeuvres.csv,3711,47.0,3b886df4663c51645707b3362370556a8cc5fc13699616572995bc0860de5525
