tag,lead_in_s,frames_dropped,truncated_at_elapsed_s,fused_rows,Front_emotions_rows,Side_pose_rows,Front_frames_in,Front_frames_expected,Front_frames_out,Side_frames_in,Side_frames_expected,Side_frames_out
D10_S1,11.053,332,,80589,96358,16062.0,96706,96374,96374,96706.0,96374.0,96374.0
D10_S2,11.02,331,,24035,28511,4752.0,28842,28511,28511,28842.0,28511.0,28511.0
D10_S3,11.053,332,,78480,93828,,94176,93844,93844,,,
D10_S4,11.253,338,,28149,33440,5573.0,33778,33440,33440,33778.0,33440.0,33440.0
D11_S1,11.02,331,,45614,54398,9067.0,54737,54406,54406,54737.0,54406.0,54406.0
D11_S2,11.053,332,,23465,27825,4637.0,28157,27825,27825,28157.0,27825.0,27825.0
D11_S3,11.053,332,,45095,53774,8964.0,54114,53782,53782,,,
D11_S4,11.153,335,,22027,26097,4350.0,26432,26097,26097,26432.0,26097.0,26097.0
D12_S1,11.12,334,,44356,52885,8816.0,53227,52893,52893,53227.0,52893.0,52893.0
D12_S2,11.187,336,,27678,32877,5480.0,33213,32877,32877,33213.0,32877.0,32877.0
D12_S3,11.186,336,,55615,66394,11067.0,66738,66402,66402,66738.0,66402.0,66402.0
D12_S4,5.62,169,,30590,36539,6090.0,36708,36539,36539,36708.0,36539.0,36539.0
D13_S1,11.119,334,,72441,86579,14432.0,86929,86595,86595,86929.0,86595.0,86595.0
D13_S2,11.153,335,,26200,31105,5184.0,31440,31105,31105,31440.0,31105.0,31105.0
D13_S3,11.086,333,,76332,91249,15211.0,91598,91265,91265,91598.0,91265.0,91265.0
D13_S4,11.186,336,,29293,34816,5802.0,35152,34816,34816,35152.0,34816.0,34816.0
D14_S1,11.12,334,,61585,73560,12262.0,73902,73568,73568,73902.0,73568.0,73568.0
D14_S2,11.053,332,,29906,35555,5926.0,35887,35555,35555,35887.0,35555.0,35555.0
D14_S3,4.22,127,,49571,59350,9893.0,59485,59358,59358,59485.0,59358.0,59358.0
D14_S4,11.253,338,,28831,34259,5710.0,34597,34259,34259,34597.0,34259.0,34259.0
D15_S1,11.186,336,,72853,87071,14514.0,87423,87087,87087,87423.0,87087.0,87087.0
D15_S2,11.086,333,,27281,32404,5401.0,32737,32404,32404,32737.0,32404.0,32404.0
D15_S3,11.286,339,,57762,68967,11496.0,69314,68975,68975,69314.0,68975.0,68975.0
D15_S4,11.053,332,,30492,36258,6043.0,36590,36258,36258,36590.0,36258.0,36258.0
D16_S1,11.02,331,,48779,58195,,58534,58203,58203,,,
D16_S2,11.153,335,,23460,27816,4636.0,28151,27816,27816,28151.0,27816.0,27816.0
D16_S3,11.153,335,,61937,73981,12331.0,74324,73989,73989,74324.0,73989.0,73989.0
D16_S4,11.253,338,,26008,30871,5146.0,31209,30871,30871,31209.0,30871.0,30871.0
D17_S1,11.053,332,,42426,50571,8429.0,50911,50579,50579,50911.0,50579.0,50579.0
D17_S2,11.053,332,654.52,16364,19637,3273.0,29141,19637,19637,29141.0,19637.0,19637.0
D17_S3,11.153,335,,69288,82802,13802.0,83145,82810,82810,83145.0,82810.0,82810.0
D17_S4,11.119,334,,30798,36623,6104.0,36957,36623,36623,36957.0,36623.0,36623.0
D18_S1,11.02,331,,48960,58413,9737.0,58752,58421,58421,58752.0,58421.0,58421.0
D18_S2,11.253,338,,28405,33747,5625.0,34085,33747,33747,34085.0,33747.0,33747.0
D18_S3,11.153,335,,45696,54492,9083.0,54835,54500,54500,54835.0,54500.0,54500.0
D18_S4,11.186,336,,27558,32734,5455.0,33070,32734,32734,33070.0,32734.0,32734.0
D19_S1,11.12,334,,34541,41107,6852.0,41449,41115,41115,41449.0,41115.0,41115.0
D19_S2,11.12,334,,31893,37937,6323.0,38271,37937,37937,38271.0,37937.0,37937.0
D19_S3,11.22,337,,43875,52304,8719.0,52649,52312,52312,52649.0,52312.0,52312.0
D19_S4,5.653,170,,30417,36330,6055.0,36500,36330,36330,36500.0,36330.0,36330.0
D1_S1,10.42,313,,58702,70121,11688.0,70442,70129,70129,68896.0,68583.0,68583.0
D1_S2,11.12,334,,31451,37407,6234.0,37741,37407,37407,37741.0,37407.0,37407.0
D1_S3,11.153,335,,48866,58296,9717.0,58639,58304,58304,58639.0,58304.0,58304.0
D1_S4,5.553,167,,25304,30197,5033.0,30364,30197,30197,30364.0,30197.0,30197.0
D20_S1,11.086,333,,53432,63777,10631.0,64118,63785,63785,64118.0,63785.0,63785.0
D20_S2,11.153,335,,24141,28634,4773.0,28969,28634,28634,28969.0,28634.0,28634.0
D20_S3,8.086,243,,90313,108116,18022.0,108375,108132,108132,108375.0,108132.0,108132.0
D20_S4,11.186,336,,27536,32707,5452.0,33043,32707,32707,33043.0,32707.0,32707.0
D2_S1,11.086,333,,46748,55756,9294.0,56097,55764,55764,56097.0,55764.0,55764.0
D2_S2,11.253,338,,32381,38519,6420.0,38857,38519,38519,38857.0,38519.0,38519.0
D2_S3,11.053,332,,24077,28560,,28892,28560,28560,,,
D2_S4,11.253,338,,30566,36341,6057.0,36679,36341,36341,36679.0,36341.0,36341.0
D3_S1,11.12,334,,70479,84225,14040.0,84575,84241,84241,84575.0,84241.0,84241.0
D3_S2,11.153,335,,22084,26166,4361.0,26501,26166,26166,26501.0,26166.0,26166.0
D3_S3,11.053,332,,57073,68148,11359.0,68488,68156,68156,68488.0,68156.0,68156.0
D3_S4,11.253,338,,31603,37586,6264.0,37924,37586,37586,37924.0,37586.0,37586.0
D4_S1,10.987,330,,56634,67622,11272.0,67960,67630,67630,67960.0,67630.0,67630.0
D4_S2,11.087,333,,27318,32449,5408.0,32782,32449,32449,32782.0,32449.0,32449.0
D4_S3,11.086,333,,87612,104785,17467.0,105134,104801,104801,105134.0,104801.0,104801.0
D4_S4,11.12,334,,28599,33984,5664.0,34318,33984,33984,34318.0,33984.0,33984.0
D5_S1,8.453,254,,76875,91980,15332.0,92250,91996,91996,92250.0,91996.0,91996.0
D5_S2,11.086,333,,25575,30357,5060.0,30690,30357,30357,30690.0,30357.0,30357.0
D5_S3,11.086,333,,70091,83760,13963.0,84109,83776,83776,84109.0,83776.0,83776.0
D5_S4,11.12,334,,26197,31103,5184.0,31437,31103,31103,31437.0,31103.0,31103.0
D6_S1,3.92,118,,43375,51924,8656.0,52050,51932,51932,52050.0,51932.0,51932.0
D6_S3,11.286,339,,52496,62648,,62995,62656,62656,,,
D6_S4,11.153,335,,23644,28037,4673.0,28372,28037,28037,28372.0,28037.0,28037.0
D7_S1,11.153,335,,98665,118047,19677.0,118398,118063,118063,118398.0,118063.0,118063.0
D7_S2,11.12,334,,25196,29901,4983.0,30235,29901,29901,30235.0,29901.0,29901.0
D7_S3,11.119,334,,84318,100832,16808.0,101182,100848,100848,101182.0,100848.0,100848.0
D7_S4,3.62,109,,25923,30999,5166.0,31108,30999,30999,31108.0,30999.0,30999.0
D8_S1,11.053,332,,51928,61973,10330.0,62313,61981,61981,62313.0,61981.0,61981.0
D8_S2,11.119,334,,24356,28893,4816.0,29227,28893,28893,29227.0,28893.0,28893.0
D8_S3,11.086,333,,97181,116268,19381.0,116617,116284,116284,116617.0,116284.0,116284.0
D8_S4,11.086,333,,30216,35926,5987.0,36259,35926,35926,36259.0,35926.0,35926.0
D9_S1,11.119,334,,79873,95498,15919.0,95848,95514,95514,95848.0,95514.0,95514.0
D9_S2,11.153,335,,28014,33281,5547.0,33616,33281,33281,33616.0,33281.0,33281.0
D9_S3,11.087,333,,50428,60173,10030.0,60514,60181,60181,60514.0,60181.0,60181.0
D9_S4,11.153,335,,28236,33548,5592.0,33883,33548,33548,33883.0,33548.0,33548.0
