tag,L,N_front,fs_old,fs_match_diff,full_front_frames,tail_raw_range,tail_frames,front_frames_out,side_mask_px,side_frames_in,side_tail_detect,side_frames_out,note,side_head_range,side_head_detect,error
D10_S2,331.0,28842.0,2564.0,0.36,32280.0,31406-31736,331.0,28842.0,200.0,28842.0,324/331 maxgap 6,28842.0,,,,
D10_S3,332.0,94176.0,3036.0,0.4,97915.0,97212-97543,332.0,94176.0,,,,,,,,
D10_S4,338.0,33778.0,1223.0,0.28,35600.0,35001-35338,338.0,33778.0,200.0,33778.0,299/338 maxgap 20,33778.0,,,,
D11_S1,331.0,54737.0,3277.0,0.32,60075.0,58014-58344,331.0,54737.0,200.0,54737.0,314/331 maxgap 5,54737.0,,,,
D11_S2,332.0,28157.0,3797.0,0.36,32535.0,31954-32285,332.0,28157.0,200.0,28157.0,297/332 maxgap 5,28157.0,,,,
D11_S3,332.0,54114.0,3938.0,0.38,58720.0,58052-58383,332.0,54114.0,,,,,,,,
D11_S4,335.0,26432.0,845.0,0.34,27920.0,27277-27611,335.0,26432.0,200.0,26432.0,270/335 maxgap 38,26432.0,,,,
D12_S1,334.0,53227.0,5280.0,0.3,59255.0,58507-58840,334.0,53227.0,200.0,53227.0,324/334 maxgap 8,53227.0,,,,
D12_S2,336.0,33213.0,3684.0,0.3,37495.0,36897-37232,336.0,33213.0,200.0,33213.0,305/336 maxgap 11,33213.0,,,,
D12_S3,336.0,66738.0,4686.0,0.32,72055.0,71424-71759,336.0,66738.0,200.0,66738.0,334/336 maxgap 2,66738.0,,,,
D12_S4,169.0,36708.0,503.0,0.35,37660.0,37211-37379,169.0,36708.0,200.0,36708.0,127/169 maxgap 21,36708.0,,,,
D13_S1,334.0,86929.0,1817.0,0.29,89940.0,88746-89079,334.0,86929.0,200.0,86929.0,329/334 maxgap 3,86929.0,,,,
D13_S2,335.0,31440.0,8408.0,0.32,40375.0,39848-40182,335.0,31440.0,200.0,31440.0,335/335 maxgap 0,31440.0,,,,
D13_S3,333.0,91598.0,7319.0,0.3,99530.0,98917-99249,333.0,91598.0,200.0,91598.0,303/333 maxgap 13,91598.0,,,,
D13_S4,336.0,35152.0,746.0,0.29,37150.0,35898-36233,336.0,35152.0,200.0,35152.0,336/336 maxgap 0,35152.0,,,,
D14_S1,334.0,73902.0,3205.0,0.34,78600.0,77107-77440,334.0,73902.0,200.0,73902.0,334/334 maxgap 0,73902.0,,,,
D14_S2,332.0,35887.0,928.0,0.27,37345.0,36815-37146,332.0,35887.0,200.0,35887.0,317/332 maxgap 15,35887.0,,,,
D14_S3,127.0,59485.0,2317.0,0.31,62105.0,61802-61928,127.0,59485.0,200.0,59485.0,127/127 maxgap 0,59485.0,,,,
D14_S4,338.0,34597.0,922.0,0.31,36020.0,35519-35856,338.0,34597.0,200.0,34597.0,315/338 maxgap 23,34597.0,,,,
D15_S2,333.0,32737.0,2719.0,0.35,36172.0,35456-35788,333.0,32737.0,200.0,32737.0,321/333 maxgap 12,32737.0,,,,
D15_S3,339.0,69314.0,3012.0,0.34,72995.0,72326-72664,339.0,69314.0,200.0,69314.0,324/339 maxgap 9,69314.0,,,,
D15_S4,332.0,36590.0,1567.0,0.34,38965.0,38157-38488,332.0,36590.0,200.0,36590.0,332/332 maxgap 0,36590.0,,,,
D16_S1,331.0,58534.0,3287.0,0.41,63265.0,61821-62151,331.0,58534.0,,,,,,,,
D16_S2,335.0,28151.0,1426.0,0.36,30125.0,29577-29911,335.0,28151.0,200.0,28151.0,307/335 maxgap 21,28151.0,,,,
D16_S4,338.0,31209.0,1654.0,0.4,33915.0,32863-33200,338.0,31209.0,200.0,31209.0,199/338 maxgap 66,31209.0,,,,
D17_S1,332.0,50911.0,10463.0,0.37,61930.0,61374-61705,332.0,50911.0,200.0,50911.0,319/332 maxgap 11,50911.0,,,,
D17_S2,332.0,29141.0,4694.0,0.33,38125.0,,,,,,,,truncated session: no tail,,,
D17_S3,335.0,83145.0,936.0,0.31,84775.0,84081-84415,335.0,83145.0,200.0,83145.0,297/335 maxgap 5,83145.0,,,,
D17_S4,334.0,36957.0,821.0,0.27,38430.0,37778-38111,334.0,36957.0,200.0,36957.0,294/334 maxgap 18,36957.0,,,,
D18_S2,338.0,34085.0,5379.0,0.27,40005.0,39464-39801,338.0,34085.0,200.0,34085.0,280/338 maxgap 23,34085.0,,,,
D18_S3,335.0,54835.0,610.0,0.27,56065.0,55445-55779,335.0,54835.0,200.0,54835.0,307/335 maxgap 28,54835.0,,,,
D18_S4,336.0,33070.0,451.0,0.29,34185.0,33521-33856,336.0,33070.0,200.0,33070.0,309/336 maxgap 18,33070.0,,,,
D19_S2,334.0,38271.0,2933.0,0.29,41805.0,41204-41537,334.0,38271.0,200.0,38271.0,294/334 maxgap 23,38271.0,,,,
D19_S3,337.0,52649.0,1810.0,0.27,55810.0,54459-54795,337.0,52649.0,200.0,52649.0,336/337 maxgap 1,52649.0,,,,
D19_S4,170.0,36500.0,577.0,0.28,37535.0,37077-37246,170.0,36500.0,200.0,36500.0,123/170 maxgap 14,36500.0,,,,
D1_S1,313.0,70442.0,1546.0,0.34,72570.0,71988-72300,313.0,70442.0,300.0,68896.0,9/313 maxgap 186,70442.0,,1859-3091,1217/1233 maxgap 3,
D1_S2,334.0,37741.0,995.0,0.26,39650.0,38736-39069,334.0,37741.0,200.0,37741.0,334/334 maxgap 0,37741.0,,,,
D1_S3,335.0,58639.0,527.0,0.3,59810.0,59166-59500,335.0,58639.0,200.0,58639.0,331/335 maxgap 1,58639.0,,,,
D1_S4,167.0,30364.0,3149.0,0.28,33920.0,33513-33679,167.0,30364.0,200.0,30364.0,167/167 maxgap 0,30364.0,,,,
D20_S1,333.0,64118.0,4772.0,0.29,70030.0,68890-69222,333.0,64118.0,200.0,64118.0,333/333 maxgap 0,64118.0,,,,
D20_S2,335.0,28969.0,5346.0,0.33,34855.0,34315-34649,335.0,28969.0,200.0,28969.0,310/335 maxgap 25,28969.0,,,,
D20_S3,243.0,108375.0,6806.0,0.3,116435.0,115181-115423,243.0,108375.0,200.0,108375.0,243/243 maxgap 0,108375.0,,,,
D20_S4,336.0,33043.0,2862.0,0.28,36495.0,35905-36240,336.0,33043.0,200.0,33043.0,311/336 maxgap 8,33043.0,,,,
D2_S1,333.0,56097.0,13991.0,0.29,71000.0,70088-70420,333.0,56097.0,200.0,56097.0,333/333 maxgap 0,56097.0,,,,
D2_S2,338.0,38857.0,1432.0,0.28,40960.0,40289-40626,338.0,38857.0,200.0,38857.0,338/338 maxgap 0,38857.0,,,,
D2_S3,332.0,28892.0,7187.0,0.35,37830.0,36079-36410,332.0,28892.0,,,,,,,,
D2_S4,338.0,36679.0,930.0,0.26,38470.0,37609-37946,338.0,36679.0,200.0,36679.0,275/338 maxgap 20,36679.0,,,,
D3_S1,334.0,84575.0,7123.0,0.39,93030.0,91698-92031,334.0,84575.0,200.0,84575.0,319/334 maxgap 13,84575.0,,,,
D3_S2,335.0,26501.0,4520.0,0.3,32555.0,31021-31355,335.0,26501.0,200.0,26501.0,335/335 maxgap 0,26501.0,,,,
D3_S3,332.0,68488.0,7003.0,0.32,76155.0,75491-75822,332.0,68488.0,200.0,68488.0,332/332 maxgap 0,68488.0,,,,
D4_S3,333.0,105134.0,713.0,0.27,106790.0,105847-106179,333.0,105134.0,200.0,105134.0,297/333 maxgap 12,105134.0,,,,
D4_S4,334.0,34318.0,3646.0,0.29,38530.0,37964-38297,334.0,34318.0,200.0,34318.0,333/334 maxgap 1,34318.0,,,,
D5_S1,254.0,92250.0,10931.0,0.25,105000.0,103181-103434,254.0,92250.0,200.0,92250.0,223/254 maxgap 27,92250.0,,,,
D5_S2,333.0,30690.0,2509.0,0.33,35000.0,33199-33531,333.0,30690.0,200.0,30690.0,333/333 maxgap 0,30690.0,,,,
D5_S3,333.0,84109.0,3543.0,0.4,88550.0,87652-87984,333.0,84109.0,200.0,84109.0,333/333 maxgap 0,84109.0,,,,
D5_S4,334.0,31437.0,6110.0,0.28,38150.0,37547-37880,334.0,31437.0,200.0,31437.0,334/334 maxgap 0,31437.0,,,,
D6_S1,118.0,52050.0,3878.0,0.51,56725.0,55928-56045,118.0,52050.0,300.0,52050.0,118/118 maxgap 0,52050.0,,,,
D6_S3,339.0,62995.0,3742.0,0.26,67485.0,66737-67075,339.0,62995.0,,,,,,,,
D6_S4,335.0,28372.0,1780.0,0.3,30835.0,30152-30486,335.0,28372.0,200.0,28372.0,335/335 maxgap 0,28372.0,,,,
D7_S1,335.0,118398.0,2074.0,0.35,121275.0,120472-120806,335.0,118398.0,300.0,118398.0,330/335 maxgap 5,118398.0,,,,
D7_S2,334.0,30235.0,2722.0,0.31,33530.0,32957-33290,334.0,30235.0,200.0,30235.0,321/334 maxgap 13,30235.0,,,,
D7_S3,334.0,101182.0,3848.0,0.32,105680.0,105030-105363,334.0,101182.0,200.0,101182.0,314/334 maxgap 14,101182.0,,,,
D7_S4,109.0,31108.0,577.0,0.31,32200.0,31685-31793,109.0,31108.0,200.0,31108.0,94/109 maxgap 13,31108.0,,,,
D8_S1,332.0,62313.0,3402.0,0.32,67045.0,65715-66046,332.0,62313.0,300.0,62313.0,327/332 maxgap 2,62313.0,,,,
D8_S2,334.0,29227.0,4556.0,0.29,34955.0,33783-34116,334.0,29227.0,200.0,29227.0,334/334 maxgap 0,29227.0,,,,
D8_S3,333.0,116617.0,3384.0,0.36,120650.0,120001-120333,333.0,116617.0,200.0,116617.0,332/333 maxgap 1,116617.0,,,,
D8_S4,333.0,36259.0,3335.0,0.33,40340.0,39594-39926,333.0,36259.0,200.0,36259.0,330/333 maxgap 2,36259.0,,,,
D9_S1,334.0,95848.0,5954.0,0.35,103240.0,101802-102135,334.0,95848.0,300.0,95848.0,307/334 maxgap 11,95848.0,,,,
D9_S2,335.0,33616.0,6229.0,0.33,40375.0,39845-40179,335.0,33616.0,200.0,33616.0,308/335 maxgap 27,33616.0,,,,
D9_S3,333.0,60514.0,1615.0,0.33,64350.0,62129-62461,333.0,60514.0,200.0,60514.0,308/333 maxgap 4,60514.0,,,,
D9_S4,335.0,33883.0,1122.0,0.29,35995.0,35005-35339,335.0,33883.0,200.0,33883.0,334/335 maxgap 1,33883.0,,,,
D3_S4,338.0,37924.0,1735.0,0.29,40439.0,39659-39996,338.0,37924.0,200.0,37924.0,338/338 maxgap 0,37924.0,,,,
D19_S1,334.0,41449.0,6899.0,0.36,48885.0,48348-48681,334.0,41449.0,200.0,41449.0,321/334 maxgap 3,41449.0,,,,
D18_S1,331.0,58752.0,6692.0,0.27,66070.0,65444-65774,331.0,58752.0,200.0,58752.0,294/331 maxgap 10,58752.0,,,,
D16_S3,335.0,74324.0,5542.0,0.37,80610.0,79866-80200,335.0,74324.0,200.0,74324.0,108/335 maxgap 27,74324.0,,,,
D4_S1,330.0,67960.0,7192.0,0.33,76610.0,75152-75481,330.0,67960.0,200.0,67960.0,214/330 maxgap 59,67960.0,,,,
D10_S1,332.0,96706.0,5609.0,1.64,103735.0,102315-102646,332.0,96706.0,300.0,96706.0,329/332 maxgap 2,96706.0,,,,
D15_S1,336.0,87423.0,2167.0,1.82,90349.0,89590-89925,336.0,87423.0,200.0,87423.0,332/336 maxgap 4,87423.0,,,,
D4_S2,333.0,32782.0,4070.0,1.65,37670.0,36852-37184,333.0,32782.0,200.0,32782.0,328/333 maxgap 3,32782.0,,,,
