tag,class,start_s,end_s,duration_s,n_samples,peak_smoothed_g,mean_speed_kmh,can_accel_min_ms2,can_accel_max_ms2,can_accel_mean_ms2_event,can_speed_change_kmh,gnss_speed_change_kmh,throttle_max_pct,n_raw_above_thr,frac_raw_above_half_thr,max_raw_g,n_raw_gt_1p2g,rectification_ratio,heading_change_deg,heading_change_expected_deg,clip_1p2g_outcome,present_at_plus10pct,present_at_minus10pct,v1_overlap
D1_S3,Harsh Braking,261.08,261.76,0.72,18,0.424,53.4,-5.68,0.21,-3.64,-9.4,-9.2,0.0,12,0.83,0.5,0,1.0,-1.0,0.4,unchanged,False,True,True
D1_S3,Harsh Acceleration,1000.28,1001.08,0.84,21,0.279,18.5,0.07,1.94,1.64,5.0,6.7,29.0,13,0.76,0.57,0,0.97,-3.6,3.5,unchanged,False,True,True
D1_S4,Harsh Acceleration,471.0,472.4,1.44,36,0.259,21.3,0.62,2.29,2.04,10.6,11.1,38.0,22,0.81,0.43,0,1.0,18.1,17.7,unchanged,True,True,True
D1_S4,Harsh Acceleration,987.08,987.64,0.6,15,0.232,24.8,0.49,2.27,1.95,4.2,4.0,34.0,8,0.73,0.3,0,1.0,2.2,2.7,unchanged,False,True,True
D11_S1,Harsh Acceleration,34.6,35.88,1.32,33,0.26,19.1,1.04,3.12,1.97,9.4,9.1,59.0,19,0.79,0.55,0,0.88,26.0,22.6,unchanged,True,True,True
D11_S1,Harsh Acceleration,1565.52,1566.24,0.76,19,0.228,17.8,-0.6,2.54,2.1,5.8,5.7,100.0,11,0.84,0.34,0,1.0,3.0,3.1,unchanged,True,True,True
D11_S1,Harsh Acceleration,1735.32,1735.88,0.6,15,0.233,21.0,-0.27,2.96,1.93,4.2,4.0,84.0,9,0.73,0.32,0,1.0,1.6,1.1,unchanged,False,True,False
D11_S1,Harsh Acceleration,1804.56,1805.36,0.84,21,0.245,18.4,0.83,2.55,2.16,6.5,6.6,63.0,14,0.95,0.39,0,1.0,3.3,3.6,unchanged,True,True,True
D11_S1,Harsh Acceleration,1814.6,1815.08,0.52,13,0.207,20.1,-0.13,2.2,1.82,3.4,3.4,41.0,8,0.92,0.23,0,1.0,18.5,13.5,unchanged,False,True,False
D11_S2,Harsh Acceleration,190.24,190.8,0.6,15,0.241,17.3,1.55,3.12,2.3,5.0,4.5,40.0,9,1.0,0.34,0,1.0,-0.7,1.8,unchanged,False,True,True
D11_S2,Harsh Turning,197.76,198.24,0.52,13,0.729,35.2,-0.36,1.43,0.09,0.2,8.7,16.0,4,0.77,1.41,1,1.0,-32.3,16.9,unchanged,False,True,True
D11_S2,Harsh Acceleration,438.04,438.96,0.96,24,0.251,25.8,1.06,2.33,2.08,7.2,8.0,55.0,16,0.96,0.48,0,1.0,15.6,14.4,unchanged,True,True,True
D11_S2,Harsh Acceleration,762.72,763.8,1.12,28,0.224,30.5,1.43,2.41,2.13,8.6,8.4,62.0,19,0.96,0.3,0,1.0,-7.5,5.9,unchanged,False,True,False
D11_S2,Harsh Acceleration,765.52,766.32,0.84,21,0.231,50.0,1.8,2.76,2.25,6.8,6.7,66.0,14,0.95,0.34,0,1.0,-0.5,0.3,unchanged,False,True,False
D11_S2,Harsh Acceleration,787.64,789.12,1.52,38,0.221,37.9,1.3,2.78,1.99,10.9,11.0,67.0,23,0.92,0.35,0,1.0,5.3,5.5,unchanged,False,True,True
D11_S2,Harsh Acceleration,790.28,791.2,0.96,24,0.259,54.6,1.63,2.81,2.25,7.8,7.9,63.0,15,0.96,0.35,0,1.0,0.3,0.8,unchanged,True,True,False
D11_S2,Harsh Acceleration,869.28,869.84,0.6,15,0.284,18.0,0.95,2.94,2.51,5.4,5.7,41.0,14,1.0,0.34,0,1.0,-8.1,6.1,unchanged,True,True,True
D11_S3,Harsh Acceleration,14.32,15.52,1.24,31,0.248,19.9,-0.56,4.23,2.08,9.3,9.7,52.0,16,0.84,0.52,0,0.95,23.9,18.7,unchanged,True,True,True
D11_S3,Harsh Acceleration,275.2,277.6,2.44,61,0.371,26.7,1.67,2.77,2.14,18.8,20.4,75.0,44,0.84,0.57,0,0.99,-1.2,3.1,unchanged,True,True,True
D11_S3,Harsh Acceleration,605.24,606.96,1.76,44,0.235,59.4,0.98,3.32,2.16,13.7,14.0,86.0,33,0.93,0.42,0,1.0,1.1,1.2,unchanged,True,True,True
D11_S3,Harsh Braking,614.84,615.36,0.56,14,0.405,26.8,-4.72,-2.65,-4.01,-8.1,-8.1,0.0,12,1.0,0.53,0,1.0,1.5,0.5,unchanged,False,True,True
D11_S3,Harsh Acceleration,617.72,618.48,0.8,20,0.24,19.4,-1.41,2.43,2.21,6.4,6.8,46.0,15,1.0,0.35,0,1.0,-0.2,0.5,unchanged,False,True,False
D11_S3,Harsh Acceleration,709.12,710.76,1.68,42,0.24,44.6,1.25,3.05,2.17,13.1,12.8,100.0,23,0.98,0.33,0,1.0,0.2,1.2,unchanged,False,True,False
D11_S3,Harsh Acceleration,1160.76,1161.8,1.08,27,0.221,19.1,0.21,3.33,2.05,8.0,8.1,66.0,16,0.78,0.46,0,0.97,-0.8,1.7,unchanged,False,True,True
D11_S3,Harsh Acceleration,1328.28,1330.16,1.92,48,0.226,53.1,1.2,2.5,2.14,14.8,14.3,98.0,25,0.94,0.39,0,0.99,-2.0,1.5,unchanged,False,True,True
D11_S3,Harsh Acceleration,1405.6,1406.2,0.64,16,0.301,18.1,1.88,3.19,2.84,6.5,6.1,48.0,11,1.0,0.48,0,1.0,0.1,1.5,unchanged,True,True,True
D11_S3,Harsh Acceleration,1412.72,1415.6,2.92,73,0.28,27.5,-0.06,3.04,2.36,24.8,24.7,96.0,44,0.95,0.46,0,1.0,-3.1,4.4,unchanged,True,True,True
D11_S3,Harsh Acceleration,1615.68,1617.32,1.68,42,0.234,21.4,1.39,2.42,2.0,12.1,12.1,56.0,27,0.9,0.32,0,0.99,-3.2,9.1,unchanged,False,True,True
D11_S3,Harsh Acceleration,1680.52,1682.68,2.2,55,0.271,24.1,0.13,4.18,2.22,17.6,17.1,90.0,30,0.89,0.48,0,0.99,1.4,3.9,unchanged,True,True,True
D11_S3,Harsh Acceleration,1683.36,1685.68,2.36,59,0.253,44.9,0.97,3.16,2.14,18.1,18.2,98.0,34,0.81,0.48,0,0.98,0.2,2.9,unchanged,True,True,True
D11_S3,Harsh Acceleration,1764.04,1765.88,1.88,47,0.264,22.8,1.02,3.98,2.25,15.2,15.0,52.0,28,0.85,0.49,0,0.99,-22.8,21.0,unchanged,True,True,True
D11_S3,Harsh Acceleration,1790.96,1791.52,0.6,15,0.223,17.6,-0.27,2.14,1.75,3.8,4.5,39.0,9,0.93,0.33,0,1.0,10.4,7.8,unchanged,False,True,False
D11_S3,Harsh Acceleration,1792.32,1792.8,0.52,13,0.222,26.5,0.87,2.69,1.96,3.7,3.6,40.0,8,0.85,0.3,0,1.0,3.5,2.9,unchanged,False,True,False
D11_S4,Harsh Acceleration,3.68,5.2,1.56,39,0.296,21.5,0.28,2.85,1.86,10.4,10.8,54.0,24,0.74,0.47,0,0.84,23.7,22.2,unchanged,True,True,True
D11_S4,Harsh Acceleration,16.76,17.32,0.6,15,0.245,25.6,0.0,2.43,1.99,4.3,4.3,54.0,8,0.8,0.4,0,0.97,0.3,1.4,unchanged,False,True,True
D11_S4,Harsh Acceleration,51.24,52.12,0.92,23,0.221,44.7,1.25,2.15,1.89,6.3,5.7,64.0,12,0.65,0.46,0,0.92,1.3,1.2,unchanged,False,True,True
D11_S4,Harsh Braking,223.64,224.16,0.56,14,0.896,27.5,-0.62,0.9,0.04,0.1,-17.9,32.0,13,1.0,1.72,3,1.0,12.1,11.8,unchanged,True,True,True
D11_S4,Harsh Acceleration,422.6,423.24,0.68,17,0.224,51.0,1.33,2.49,2.01,4.9,4.9,65.0,8,0.94,0.32,0,1.0,1.1,0.4,unchanged,False,True,False
D11_S4,Harsh Acceleration,684.8,685.28,0.52,13,0.476,36.3,-0.53,1.52,0.88,1.6,9.1,37.0,10,0.85,1.56,1,0.97,-12.1,8.2,unchanged,True,True,True
D11_S4,Harsh Acceleration,738.2,738.8,0.64,16,0.225,24.4,0.57,2.69,2.01,4.6,4.9,38.0,8,0.88,0.49,0,1.0,-12.5,8.9,unchanged,False,True,True
D11_S4,Harsh Acceleration,867.92,868.52,0.64,16,0.23,28.8,0.73,3.31,1.91,4.4,4.3,41.0,9,0.81,0.42,0,0.89,4.3,2.5,unchanged,False,True,True
D12_S1,Harsh Acceleration,9.8,10.4,0.64,16,0.236,18.4,-0.4,2.98,1.56,3.6,4.0,40.0,9,0.88,0.45,0,0.78,8.4,3.3,unchanged,False,True,True
D12_S1,Harsh Acceleration,455.0,455.48,0.52,13,0.228,18.5,1.41,2.56,1.9,3.6,3.5,40.0,6,0.69,0.55,0,0.93,-2.2,2.1,unchanged,False,True,True
D12_S2,Harsh Acceleration,29.52,30.2,0.72,18,0.276,17.6,0.29,2.53,1.91,4.9,5.8,41.0,12,0.83,0.38,0,0.95,18.0,11.6,unchanged,True,True,True
D12_S2,Harsh Acceleration,934.8,935.56,0.8,20,0.218,19.5,0.87,2.25,1.88,5.4,5.8,35.0,11,0.95,0.37,0,1.0,-9.2,7.0,unchanged,False,True,True
D12_S3,Harsh Acceleration,1271.36,1272.0,0.68,17,0.534,71.5,0.28,1.09,0.68,1.7,11.3,28.0,15,0.94,0.91,0,1.0,1.8,1.7,unchanged,True,True,True
D12_S4,Harsh Acceleration,331.4,332.0,0.64,16,0.535,32.6,-0.9,1.58,-0.09,-0.2,9.3,34.0,13,0.94,0.9,0,0.96,-8.1,7.0,unchanged,True,True,True
D13_S1,Harsh Acceleration,573.52,574.64,1.16,29,0.244,19.9,0.21,2.71,2.23,9.3,9.1,100.0,20,0.97,0.35,0,1.0,1.3,2.4,unchanged,True,True,False
D13_S1,Harsh Acceleration,575.12,577.0,1.92,48,0.231,34.6,1.75,2.63,2.18,15.0,14.7,100.0,29,1.0,0.4,0,1.0,-4.4,3.5,unchanged,True,True,True
D13_S1,Harsh Braking,1281.88,1282.36,0.52,13,0.562,27.4,-1.51,-0.21,-0.78,-1.5,-7.5,0.0,10,0.77,1.7,1,0.64,-3.1,1.3,unchanged,False,True,True
D13_S1,Harsh Acceleration,1705.8,1706.36,0.6,15,0.216,37.4,1.46,2.4,2.06,4.5,4.5,100.0,8,0.93,0.36,0,1.0,-1.1,0.5,unchanged,False,True,True
D13_S1,Harsh Acceleration,1707.16,1708.48,1.36,34,0.237,50.1,1.19,3.01,2.03,9.9,9.6,100.0,17,0.88,0.39,0,1.0,-0.8,2.2,unchanged,False,True,True
D13_S1,Harsh Acceleration,1708.76,1709.64,0.92,23,0.22,60.0,1.35,2.75,2.04,6.8,7.0,100.0,12,0.87,0.37,0,1.0,-0.1,0.3,unchanged,False,True,True
D13_S1,Harsh Acceleration,1710.72,1711.2,0.52,13,0.214,72.8,1.21,2.56,2.01,3.8,3.6,100.0,7,0.85,0.28,0,1.0,-0.4,0.4,unchanged,False,True,True
D13_S1,Harsh Acceleration,1748.24,1750.16,1.96,49,0.26,52.7,0.98,3.36,2.36,16.7,16.1,100.0,36,0.96,0.43,0,1.0,3.5,3.7,unchanged,True,True,True
D13_S1,Harsh Acceleration,1755.4,1756.64,1.28,32,0.242,68.9,1.34,2.8,2.01,9.3,9.8,100.0,21,0.97,0.33,0,1.0,2.2,2.5,unchanged,False,True,True
D13_S1,Harsh Braking,1906.8,1907.72,0.96,24,0.481,69.8,-14.49,12.86,-3.28,-11.3,-14.3,0.0,17,0.96,0.7,0,1.0,4.8,4.1,unchanged,True,True,True
D13_S1,Harsh Braking,1943.2,1944.16,1.0,25,0.398,49.0,-5.88,-0.62,-3.51,-12.6,-12.7,0.0,15,0.96,0.53,0,1.0,-0.3,0.4,unchanged,False,True,True
D13_S1,Harsh Acceleration,2521.24,2524.56,3.36,84,0.264,42.1,1.37,2.82,2.27,27.4,26.9,100.0,54,0.96,0.34,0,0.99,-0.6,2.8,unchanged,True,True,True
D13_S2,Harsh Turning,194.28,195.12,0.88,22,0.81,34.1,0.21,1.31,0.5,1.6,2.3,26.0,15,0.77,1.72,2,0.95,41.6,33.7,unchanged,True,True,True
D13_S2,Harsh Acceleration,195.92,196.4,0.52,13,0.366,35.1,0.14,1.18,0.66,1.2,6.5,28.0,8,0.62,0.9,2,1.0,-23.7,16.3,unchanged,False,True,True
D13_S2,Harsh Turning,196.92,198.0,1.12,28,0.878,40.0,0.08,1.59,0.63,2.6,5.3,26.0,24,1.0,1.44,5,1.0,-47.8,42.0,unchanged,True,True,True
D13_S3,Harsh Braking,1551.28,1552.08,0.84,21,0.51,28.7,-1.29,1.74,0.13,0.4,-12.0,25.0,11,0.81,1.09,0,0.86,4.6,3.6,unchanged,True,True,True
D13_S4,Harsh Acceleration,19.88,20.72,0.88,22,0.291,20.6,1.11,2.15,1.96,6.2,8.2,40.0,15,0.82,0.52,0,1.0,22.1,16.8,unchanged,True,True,True
D13_S4,Harsh Acceleration,984.0,984.48,0.52,13,0.207,20.6,0.23,2.48,1.88,3.5,3.8,32.0,6,0.92,0.39,0,1.0,-14.2,10.8,unchanged,False,True,True
D13_S4,Harsh Acceleration,1137.12,1138.08,1.0,25,0.228,24.8,0.7,2.07,1.73,6.2,6.8,30.0,12,0.8,0.5,0,0.93,22.1,17.6,unchanged,False,True,True
D14_S2,Harsh Braking,274.64,275.48,0.88,22,0.692,30.0,-1.22,0.07,-0.62,-2.0,-18.2,0.0,16,0.95,1.21,1,0.99,22.2,18.8,unchanged,True,True,True
D14_S3,Harsh Acceleration,426.96,427.48,0.56,14,0.21,23.5,1.76,2.21,2.0,4.0,3.8,54.0,6,1.0,0.29,0,1.0,-0.1,0.2,unchanged,False,True,False
D14_S3,Harsh Acceleration,1075.56,1076.32,0.8,20,0.213,23.4,-0.03,2.32,1.97,5.7,5.5,38.0,11,0.85,0.32,0,1.0,0.1,0.4,unchanged,False,True,True
D14_S4,Harsh Acceleration,108.28,108.88,0.64,16,0.413,87.7,-0.35,0.83,0.26,0.6,7.8,26.0,14,1.0,0.64,0,1.0,1.4,0.9,unchanged,True,True,True
D14_S4,Harsh Acceleration,969.0,969.48,0.52,13,0.211,23.4,1.11,2.08,1.74,3.2,3.7,34.0,7,0.77,0.37,0,1.0,-9.6,6.4,unchanged,False,True,True
D14_S4,Harsh Acceleration,999.28,999.76,0.52,13,0.255,16.8,0.01,2.43,2.16,4.0,4.0,34.0,6,0.92,0.37,0,1.0,11.1,7.3,unchanged,False,True,True
D14_S4,Harsh Acceleration,1000.08,1001.24,1.2,30,0.211,24.7,0.51,4.14,1.86,8.0,8.0,38.0,13,0.83,0.35,0,0.98,8.9,9.2,unchanged,False,True,True
D15_S2,Harsh Turning,780.68,781.4,0.76,19,1.052,70.0,-0.96,0.52,-0.2,-0.5,-4.5,0.0,16,0.89,2.3,4,0.59,-20.6,15.8,unchanged,True,False,True
D15_S2,Harsh Acceleration,886.48,887.12,0.68,17,0.214,52.9,1.06,2.26,1.87,4.6,4.3,55.0,10,0.88,0.35,0,0.84,0.3,0.7,unchanged,False,True,True
D15_S2,Harsh Acceleration,922.12,923.48,1.4,35,0.222,21.7,0.42,3.14,1.99,10.0,9.9,44.0,19,0.83,0.37,0,1.0,-4.8,4.5,unchanged,False,True,True
D15_S4,Harsh Acceleration,0.64,1.16,0.56,14,0.224,17.4,1.53,2.5,2.19,4.4,4.6,50.0,9,1.0,0.38,0,1.0,9.7,7.8,unchanged,False,True,True
D15_S4,Harsh Braking,238.32,240.0,1.72,43,0.404,40.8,-5.54,-1.05,-3.74,-23.2,-23.3,0.0,25,0.98,0.59,0,1.0,-1.5,1.3,unchanged,False,True,True
D15_S4,Harsh Acceleration,573.16,574.08,0.96,24,0.217,36.7,1.04,2.14,1.7,5.9,5.5,54.0,13,0.67,0.39,0,0.86,-0.8,0.3,unchanged,False,True,True
D15_S4,Harsh Acceleration,908.32,908.84,0.56,14,0.218,18.5,1.46,1.93,1.7,3.4,3.3,33.0,8,0.71,0.27,0,0.94,-0.7,2.2,unchanged,False,True,True
D15_S4,Harsh Acceleration,1051.6,1052.4,0.84,21,0.213,19.3,0.28,3.17,1.9,5.7,6.1,36.0,10,1.0,0.29,0,1.0,-11.5,7.9,unchanged,False,True,True
D16_S1,Harsh Acceleration,243.52,244.16,0.68,17,0.257,20.7,-0.28,2.36,2.19,5.3,5.8,51.0,11,0.82,0.42,0,1.0,0.7,0.4,unchanged,False,True,True
D16_S1,Harsh Turning,264.64,265.8,1.2,30,0.989,40.1,-0.41,1.52,0.49,2.1,15.3,38.0,20,0.8,1.65,6,0.97,-46.4,42.1,boundary 1 samples,True,True,True
D16_S1,Harsh Braking,799.72,800.44,0.76,19,0.791,29.1,-0.83,1.38,0.77,2.1,-20.8,30.0,16,0.89,2.05,5,1.0,40.5,30.4,unchanged,True,True,True
D16_S1,Harsh Acceleration,978.52,979.12,0.64,16,0.275,47.8,-0.07,0.83,0.17,0.4,6.2,35.0,11,0.94,0.51,0,1.0,-2.0,2.2,unchanged,False,True,True
D16_S1,Harsh Acceleration,1738.52,1739.72,1.24,31,0.227,23.8,0.58,3.41,2.06,9.2,9.3,54.0,20,0.97,0.31,0,1.0,-12.1,9.5,unchanged,False,True,True
D16_S2,Harsh Turning,268.4,269.04,0.68,17,0.923,35.1,-0.2,1.59,0.41,1.0,5.7,16.0,16,1.0,2.17,2,1.0,-40.6,29.4,unchanged,True,True,True
D16_S2,Harsh Braking,764.12,765.52,1.44,36,0.391,33.6,-6.66,0.5,-3.44,-17.8,-18.7,0.0,21,0.89,0.58,0,1.0,0.8,1.3,unchanged,False,True,True
D16_S2,Harsh Acceleration,801.16,801.76,0.64,16,0.253,27.2,-0.2,2.15,1.86,4.3,4.7,36.0,11,0.94,0.42,0,0.87,-8.3,5.8,unchanged,False,True,True
D16_S2,Harsh Braking,864.0,864.48,0.52,13,0.374,56.6,-5.9,-0.71,-3.32,-6.2,-5.9,0.0,6,0.92,0.49,0,1.0,1.3,0.8,unchanged,False,True,True
D16_S3,Harsh Acceleration,366.8,367.48,0.72,18,0.279,21.7,-1.63,2.15,1.88,4.9,4.7,31.0,9,0.72,0.45,0,0.83,0.8,1.2,unchanged,False,True,True
D16_S3,Harsh Acceleration,454.16,454.64,0.52,13,0.21,17.9,0.14,2.29,2.12,4.0,4.2,34.0,7,0.85,0.5,0,1.0,-1.5,0.6,unchanged,False,True,True
D16_S3,Harsh Braking,1108.76,1109.24,0.52,13,0.41,18.7,-4.5,-0.84,-3.92,-7.3,-7.7,0.0,12,1.0,0.58,0,1.0,2.6,1.8,unchanged,False,True,True
D16_S3,Harsh Acceleration,1311.2,1311.76,0.6,15,0.385,81.1,0.0,0.82,0.57,1.2,8.8,32.0,11,0.93,1.12,0,1.0,0.1,1.9,unchanged,True,True,True
D16_S3,Harsh Braking,1376.4,1376.92,0.56,14,0.707,67.9,-3.91,1.52,-1.15,-2.3,-14.5,0.0,9,0.86,1.64,2,1.0,-0.3,3.0,unchanged,False,True,True
D16_S3,Harsh Acceleration,1659.04,1659.6,0.6,15,0.226,17.1,0.7,2.08,1.92,4.1,4.1,34.0,10,0.73,0.32,0,1.0,0.9,0.8,unchanged,False,True,True
D16_S4,Harsh Acceleration,249.36,250.84,1.52,38,0.238,20.8,1.34,2.6,2.03,11.1,11.4,43.0,24,0.89,0.34,0,1.0,-7.8,7.0,unchanged,False,True,True
D16_S4,Harsh Acceleration,409.76,410.4,0.68,17,0.285,22.4,-0.07,2.27,2.09,5.1,5.7,36.0,10,0.82,0.49,0,0.96,-10.2,7.6,unchanged,True,True,True
D17_S1,Harsh Acceleration,191.76,192.4,0.68,17,0.222,20.8,0.97,2.15,1.94,4.7,4.5,35.0,9,0.82,0.27,0,1.0,1.7,1.5,unchanged,False,True,False
D17_S3,Harsh Braking,2606.56,2607.08,0.56,14,0.439,23.6,-3.38,-0.49,-1.94,-3.9,-9.5,0.0,9,0.93,1.18,0,1.0,9.1,7.0,unchanged,False,True,True
D17_S3,Harsh Acceleration,2611.2,2611.68,0.52,13,0.229,20.7,-2.42,2.53,1.46,2.7,3.0,30.0,6,0.54,0.36,0,0.91,13.1,9.1,unchanged,False,True,False
D18_S1,Harsh Acceleration,1692.12,1692.76,0.68,17,0.211,20.8,-1.34,2.15,1.86,4.6,4.4,46.0,8,0.82,0.34,0,0.99,4.4,2.0,unchanged,False,True,True
D18_S2,Harsh Acceleration,967.48,968.0,0.56,14,0.233,21.4,0.0,2.74,2.05,4.1,4.8,51.0,9,0.93,0.39,0,1.0,-6.5,5.4,unchanged,False,True,True
D18_S3,Harsh Braking,251.68,252.24,0.6,15,0.386,20.8,-5.46,-1.67,-3.67,-7.9,-7.6,0.0,8,1.0,0.59,0,1.0,-0.3,1.3,unchanged,False,True,True
D18_S3,Harsh Braking,500.28,500.8,0.56,14,0.672,21.5,-0.48,0.21,-0.15,-0.3,-11.3,0.0,11,0.79,1.07,0,0.97,23.4,11.6,unchanged,False,True,True
D18_S3,Harsh Acceleration,1031.8,1032.96,1.2,30,0.242,19.1,-0.14,2.21,1.81,7.8,8.0,34.0,15,0.67,0.46,0,0.9,-10.8,10.1,unchanged,False,True,True
D18_S3,Harsh Acceleration,1653.68,1654.24,0.6,15,0.211,18.3,-0.19,2.11,1.69,3.6,4.3,32.0,7,1.0,0.31,0,1.0,-17.8,13.4,unchanged,False,True,False
D18_S4,Harsh Braking,239.88,240.4,0.56,14,0.683,24.2,-1.52,1.24,-0.07,-0.1,-11.4,2.0,11,0.86,1.22,1,0.87,16.9,11.5,unchanged,True,True,True
D18_S4,Harsh Acceleration,599.76,600.24,0.52,13,0.395,71.2,0.01,1.32,0.85,1.6,6.9,36.0,10,0.85,0.72,0,1.0,0.1,0.9,unchanged,True,True,True
D18_S4,Harsh Acceleration,861.64,862.12,0.52,13,0.242,16.7,1.81,2.71,2.15,4.0,3.8,35.0,5,1.0,0.3,0,1.0,-3.0,2.0,unchanged,False,True,True
D18_S4,Harsh Acceleration,867.68,868.36,0.72,18,0.406,36.1,-0.48,1.72,0.44,1.1,10.6,26.0,16,0.94,1.03,0,1.0,-0.2,1.7,unchanged,True,True,True
D18_S4,Harsh Acceleration,935.16,936.16,1.04,26,0.241,20.7,-0.11,2.75,2.16,8.1,8.4,40.0,19,0.96,0.42,0,1.0,-12.1,11.0,unchanged,True,True,True
D18_S4,Harsh Acceleration,969.24,969.92,0.72,18,0.209,52.5,1.46,2.76,1.94,5.0,5.5,60.0,11,0.89,0.38,0,1.0,1.4,1.3,unchanged,False,True,True
D19_S3,Harsh Acceleration,54.68,55.6,0.96,24,0.268,22.3,1.25,2.22,1.95,6.7,6.4,40.0,12,0.71,0.45,0,0.97,7.7,8.1,unchanged,True,True,True
D19_S3,Harsh Acceleration,1412.28,1413.2,0.96,24,0.277,21.0,1.46,2.01,1.7,5.9,5.5,34.0,14,0.79,0.56,0,0.63,-3.1,4.9,unchanged,True,True,True
D2_S1,Harsh Braking,129.36,129.92,0.6,15,0.389,32.3,-7.44,1.79,-3.74,-8.1,-8.3,0.0,12,1.0,0.51,0,1.0,-0.8,0.6,unchanged,False,True,True
D2_S1,Harsh Braking,799.88,800.96,1.12,28,0.449,51.4,-14.34,1.07,-5.27,-21.3,-14.8,0.0,17,0.86,0.72,0,1.0,-2.0,2.3,unchanged,True,True,True
D2_S1,Harsh Acceleration,835.68,836.28,0.64,16,0.222,71.3,0.99,2.15,1.72,4.0,4.4,60.0,9,0.62,0.66,0,0.79,-0.3,0.7,unchanged,False,True,True
D2_S2,Harsh Braking,440.92,442.04,1.16,29,0.493,39.0,-17.94,8.64,-4.24,-17.7,-18.5,0.0,25,1.0,0.61,0,1.0,-0.5,0.6,unchanged,True,True,True
D2_S3,Harsh Acceleration,220.4,221.36,1.0,25,0.217,18.7,0.07,3.17,2.07,7.5,7.4,54.0,14,0.92,0.4,0,1.0,2.0,1.7,unchanged,False,True,True
D2_S3,Harsh Acceleration,490.84,492.08,1.28,32,0.235,19.9,0.9,2.42,2.08,9.6,9.6,59.0,19,0.84,0.45,0,0.97,1.2,2.9,unchanged,True,True,True
D2_S4,Harsh Acceleration,266.88,268.24,1.4,35,0.215,20.2,1.81,2.29,2.04,10.3,10.0,40.0,19,0.91,0.43,0,1.0,-0.2,1.0,unchanged,False,True,True
D20_S3,Harsh Acceleration,1143.2,1144.04,0.88,22,0.22,18.4,1.47,2.51,1.98,6.3,6.0,35.0,14,0.95,0.44,0,0.86,-7.3,5.3,unchanged,False,True,True
D3_S2,Harsh Turning,171.76,172.48,0.76,19,0.865,39.5,-0.62,0.55,0.02,0.0,3.9,9.0,16,0.95,2.48,6,0.94,-35.4,25.8,unchanged,True,True,True
D3_S4,Harsh Acceleration,593.84,595.16,1.36,34,0.231,22.9,0.49,2.5,2.21,10.8,10.8,44.0,21,0.94,0.41,0,1.0,-1.0,0.8,unchanged,False,True,True
D3_S4,Harsh Acceleration,1012.12,1012.64,0.56,14,0.471,35.3,0.36,1.32,0.84,1.7,8.4,28.0,8,0.64,1.11,0,0.98,-13.1,8.0,unchanged,True,True,True
D4_S1,Harsh Acceleration,1899.52,1900.28,0.8,20,0.253,33.0,0.98,2.19,1.4,4.0,5.0,29.0,15,0.85,0.89,0,0.52,-10.7,6.8,unchanged,False,True,True
D4_S2,Harsh Acceleration,770.04,770.6,0.6,15,0.222,28.5,1.47,2.21,1.76,3.8,3.1,31.0,8,0.8,0.42,0,0.69,4.0,2.6,unchanged,False,True,True
D4_S4,Harsh Braking,601.92,602.6,0.72,18,0.718,69.4,-0.34,0.55,0.27,0.7,-16.6,18.0,17,0.94,1.07,0,1.0,4.7,4.4,unchanged,True,True,True
D5_S1,Harsh Turning,630.04,630.56,0.56,14,0.595,43.7,-1.56,2.56,0.9,1.8,-5.4,100.0,8,0.93,1.28,2,1.0,-21.6,14.1,unchanged,False,True,True
D5_S1,Harsh Turning,1057.92,1059.2,1.32,33,0.558,34.8,-3.46,0.91,-0.47,-2.2,-3.0,82.0,23,0.97,1.14,0,1.0,-47.6,39.7,unchanged,True,True,True
D5_S1,Harsh Turning,1061.56,1063.04,1.52,38,1.143,35.6,-0.68,2.5,1.05,5.7,9.0,100.0,33,0.97,1.66,5,1.0,-79.4,66.7,unchanged,True,True,True
D5_S1,Harsh Acceleration,1066.4,1066.92,0.56,14,0.226,60.1,0.84,2.55,1.7,3.4,3.6,100.0,7,0.64,0.5,0,0.87,5.7,3.4,unchanged,False,True,True
D5_S1,Harsh Braking,1663.4,1664.2,0.84,21,0.541,22.7,-9.85,0.19,-5.05,-15.3,-15.3,0.0,19,1.0,0.72,0,1.0,16.9,11.7,unchanged,True,True,True
D5_S1,Harsh Acceleration,1670.72,1671.28,0.6,15,0.232,17.5,0.73,2.27,1.96,4.2,4.6,77.0,9,0.8,0.36,0,1.0,-11.3,9.8,unchanged,False,True,False
D5_S2,Harsh Acceleration,889.48,890.08,0.64,16,0.215,19.9,0.64,2.61,1.76,4.1,4.5,35.0,8,0.88,0.31,0,1.0,-17.1,13.0,unchanged,False,True,False
D5_S3,Harsh Acceleration,314.6,315.28,0.72,18,0.446,45.1,0.21,0.84,0.49,1.3,9.4,29.0,13,1.0,0.76,0,1.0,3.6,3.0,unchanged,True,True,True
D5_S3,Harsh Acceleration,667.56,668.2,0.68,17,0.222,17.5,2.03,2.68,2.2,5.4,5.2,50.0,11,0.94,0.35,0,1.0,1.8,0.9,unchanged,False,True,True
D5_S3,Harsh Acceleration,758.6,759.64,1.08,27,0.257,19.3,1.33,2.9,2.17,8.4,8.2,60.0,16,0.96,0.33,0,1.0,0.1,2.2,unchanged,False,True,True
D5_S3,Harsh Acceleration,2561.36,2561.96,0.64,16,0.223,18.0,0.52,2.34,2.07,4.8,4.9,37.0,9,1.0,0.34,0,1.0,-5.8,4.6,unchanged,False,True,True
D5_S4,Harsh Acceleration,266.56,267.56,1.04,26,0.234,19.0,1.26,3.65,2.11,7.9,7.9,45.0,16,0.92,0.4,0,1.0,-5.3,4.1,unchanged,True,True,True
D5_S4,Harsh Acceleration,449.64,450.48,0.88,22,0.275,22.4,-0.34,1.92,1.27,4.0,8.0,38.0,10,0.64,1.11,0,0.94,-12.7,12.1,unchanged,True,True,True
D6_S1,Harsh Acceleration,27.92,28.4,0.52,13,0.216,18.3,0.49,2.43,1.97,3.7,3.9,46.0,9,0.85,0.43,0,1.0,3.9,4.4,unchanged,False,True,True
D6_S1,Harsh Acceleration,33.44,34.08,0.68,17,0.222,53.6,1.46,2.5,2.08,5.1,4.9,84.0,5,0.82,0.38,0,1.0,-0.1,0.2,unchanged,False,True,True
D6_S1,Harsh Acceleration,443.68,444.2,0.56,14,0.226,33.8,1.6,2.49,2.15,4.3,4.4,100.0,9,0.93,0.34,0,1.0,-0.9,1.7,unchanged,False,True,True
D6_S1,Harsh Acceleration,540.84,541.44,0.64,16,0.546,39.2,0.91,1.8,1.43,3.3,11.0,55.0,12,0.88,1.8,3,0.93,-14.0,7.0,unchanged,True,True,True
D6_S1,Harsh Acceleration,1575.56,1576.12,0.6,15,0.244,21.7,0.37,2.46,1.81,3.9,4.1,57.0,8,0.8,0.46,0,0.91,-9.7,6.4,unchanged,False,True,True
D6_S1,Harsh Acceleration,1700.96,1702.16,1.24,31,0.239,19.8,1.65,2.7,2.13,9.5,9.4,56.0,19,0.94,0.42,0,0.97,-26.8,24.2,unchanged,True,True,True
D6_S3,Harsh Braking,796.36,796.84,0.52,13,0.721,21.5,-0.55,0.2,-0.22,-0.4,-12.9,0.0,12,1.0,0.99,0,1.0,19.4,14.2,unchanged,True,True,True
D6_S3,Harsh Acceleration,1581.8,1583.2,1.44,36,0.296,21.4,0.71,3.56,2.47,12.8,12.3,57.0,22,0.92,0.49,0,1.0,-9.9,8.3,unchanged,True,True,True
D6_S3,Harsh Acceleration,1777.12,1778.44,1.36,34,0.267,20.9,1.69,3.16,2.32,11.4,11.0,71.0,21,0.91,0.42,0,1.0,-7.0,7.9,unchanged,True,True,True
D6_S3,Harsh Acceleration,1783.56,1784.12,0.6,15,0.344,45.7,-0.09,1.53,0.84,1.8,6.7,29.0,8,1.0,0.72,0,1.0,-6.4,4.8,unchanged,True,True,True
D6_S3,Harsh Acceleration,1908.8,1909.52,0.76,19,0.216,25.0,0.62,2.54,1.95,5.3,5.5,44.0,13,0.89,0.31,0,1.0,-9.7,7.8,unchanged,False,True,False
D6_S3,Harsh Acceleration,2070.6,2071.44,0.88,22,0.231,23.8,-0.12,2.27,1.97,6.2,6.5,37.0,12,0.91,0.32,0,1.0,12.1,10.5,unchanged,False,True,False
D6_S4,Harsh Acceleration,180.16,181.44,1.32,33,0.282,20.7,1.53,3.81,2.35,11.2,10.9,62.0,19,0.85,0.52,0,0.96,-2.6,5.9,unchanged,True,True,True
D6_S4,Harsh Braking,190.16,190.64,0.52,13,0.84,35.4,-1.1,1.18,-0.3,-0.6,-14.9,0.0,10,0.92,1.48,5,0.99,13.5,8.6,unchanged,True,True,True
D6_S4,Harsh Acceleration,377.68,378.48,0.84,21,0.239,33.1,0.35,3.05,1.85,5.6,5.4,76.0,12,0.9,0.47,0,0.81,-5.5,6.4,unchanged,False,True,True
D6_S4,Harsh Acceleration,380.76,382.44,1.72,43,0.256,56.9,1.25,2.56,2.07,12.8,13.0,96.0,19,0.79,0.5,0,0.98,-0.0,1.3,unchanged,True,True,True
D6_S4,Harsh Acceleration,414.4,415.16,0.8,20,0.221,58.4,0.91,2.71,1.98,5.7,6.0,68.0,12,0.95,0.34,0,1.0,1.4,1.2,unchanged,False,True,False
D6_S4,Harsh Acceleration,731.32,732.44,1.16,29,0.279,20.2,1.16,4.12,2.33,9.7,9.7,71.0,21,0.86,0.45,0,1.0,-10.3,8.7,unchanged,True,True,True
D6_S4,Harsh Acceleration,918.84,920.52,1.72,43,0.231,41.6,0.91,4.04,2.14,13.3,12.7,93.0,23,0.93,0.36,0,0.99,1.7,3.3,unchanged,False,True,False
D7_S3,Harsh Braking,901.6,902.08,0.52,13,0.599,26.0,-1.86,0.28,-1.18,-2.2,-11.2,0.0,12,1.0,1.1,0,1.0,1.7,1.6,unchanged,False,True,True
D7_S3,Harsh Acceleration,2181.56,2183.12,1.6,40,0.221,20.7,0.84,2.27,2.04,11.8,11.6,46.0,20,0.93,0.37,0,1.0,0.6,1.8,unchanged,False,True,True
D8_S1,Harsh Braking,430.12,430.6,0.52,13,0.677,28.0,-0.69,0.9,-0.33,-0.6,-14.0,0.0,11,0.92,1.43,2,1.0,8.1,6.0,unchanged,False,True,True
D8_S1,Harsh Acceleration,1214.56,1215.16,0.64,16,0.416,55.4,0.23,0.89,0.61,1.4,9.6,31.0,12,1.0,1.45,1,1.0,-3.2,2.2,unchanged,True,True,True
D8_S3,Harsh Braking,1519.64,1520.16,0.56,14,0.605,32.5,-1.15,0.3,-0.76,-1.5,-11.4,0.0,11,0.93,1.0,3,0.99,24.7,16.0,unchanged,False,True,True
D8_S3,Harsh Acceleration,2502.24,2502.92,0.72,18,0.274,25.8,1.32,1.73,1.51,3.9,5.9,26.0,11,0.89,0.61,0,0.98,13.3,8.9,unchanged,True,True,True
D8_S3,Harsh Acceleration,3172.16,3173.52,1.4,35,0.236,23.5,0.26,2.26,1.77,8.9,9.2,36.0,20,0.74,0.36,0,0.96,16.1,12.8,unchanged,False,True,True
D9_S2,Harsh Acceleration,936.72,937.36,0.68,17,0.206,25.9,0.95,2.24,1.9,4.6,4.6,34.0,9,0.94,0.29,0,1.0,-6.4,5.0,unchanged,False,True,False
D9_S3,Harsh Braking,107.32,108.2,0.92,23,0.394,30.7,-19.85,11.53,-2.32,-7.7,-12.5,0.0,14,1.0,0.55,0,1.0,0.3,0.9,unchanged,False,True,True
D9_S3,Harsh Acceleration,485.92,487.24,1.36,34,0.248,20.4,0.92,2.89,2.06,10.1,9.9,40.0,20,0.85,0.45,0,1.0,9.8,9.8,unchanged,False,True,True
D9_S3,Harsh Braking,1320.6,1321.56,1.0,25,0.421,29.2,-4.79,0.26,-3.75,-13.5,-13.7,0.0,18,1.0,0.65,0,1.0,0.4,0.6,unchanged,True,True,True
D9_S3,Harsh Acceleration,1868.12,1868.88,0.8,20,0.217,18.2,0.15,2.8,2.17,6.2,6.5,37.0,13,1.0,0.41,0,1.0,6.5,7.0,unchanged,False,True,True
D9_S4,Harsh Turning,241.44,241.92,0.52,13,0.682,35.1,-0.58,0.5,-0.1,-0.2,-3.7,0.0,9,0.85,1.0,0,1.0,25.7,18.0,unchanged,False,True,True
D9_S4,Harsh Turning,242.2,242.88,0.72,18,1.099,33.1,-0.58,0.2,-0.18,-0.5,5.3,0.0,15,0.94,1.92,4,0.98,-41.0,34.9,boundary 2 samples,True,True,True
D9_S4,Harsh Acceleration,939.68,940.48,0.84,21,0.245,20.1,0.35,2.64,2.04,6.2,6.6,34.0,14,0.9,0.35,0,1.0,-8.7,5.2,unchanged,True,True,False
