tag,status,n_native_events,n_ge_0p01uS,events_per_min,scr_freq_median,scr_freq_mean,eda_rise_gt_0p01_frac,control_rise_gt_0p01_frac,spearman_amp_vs_rise,ibi_native_rows,ibi_per_beat_frac,n_fused_rows_with_scr
D1_S1,ok,0.0,0.0,0.0,0.0,0.05,,,,3929.0,0.999,58702.0
D1_S2,ok,0.0,0.0,0.0,0.0,0.0,,,,1772.0,0.999,31451.0
D1_S3,ok,170.0,151.0,5.22,5.22,5.26,0.993,0.169,0.999,2285.0,0.999,48866.0
D1_S4,"no SA/SR in ['PPG_IR', 'PPG_RED', 'PPG_GREEN', 'EDA', 'EDA_LEVEL', 'TEMP_CONTACT', 'TEMP_THERMOPILE', 'SCR_FREQ', 'IBI', 'HR', 'ACC', 'GYRO', 'MAG']",,,,,,,,,,,
D2_S1,ok,115.0,105.0,3.69,3.55,3.79,0.99,0.245,0.975,2396.0,1.0,46748.0
D2_S2,ok,115.0,39.0,5.33,4.58,5.39,0.974,0.056,0.911,999.0,1.0,32381.0
D2_S3,ok,136.0,90.0,8.47,8.1,8.6,1.0,0.101,0.948,1431.0,1.0,24077.0
D2_S4,ok,88.0,25.0,4.32,3.17,4.43,1.0,0.045,0.91,1027.0,1.0,30566.0
D3_S1,ok,1019.0,66.0,21.69,16.36,21.33,0.833,0.031,0.686,1822.0,1.0,70479.0
D3_S2,ok,268.0,149.0,18.2,17.24,18.69,0.953,0.185,0.951,1180.0,1.0,22084.0
D3_S3,ok,122.0,109.0,3.21,3.16,3.35,0.991,0.133,0.998,2342.0,1.0,57073.0
D3_S4,ok,147.0,123.0,6.98,6.68,7.56,0.992,0.197,0.994,1328.0,1.0,31603.0
D4_S1,ok,72.0,71.0,1.91,0.04,1.83,0.944,0.31,0.812,2325.0,0.999,56634.0
D4_S2,ok,85.0,77.0,4.67,4.95,5.01,0.987,0.182,0.992,1498.0,1.0,27318.0
D4_S3,ok,138.0,114.0,2.36,1.34,2.35,0.982,0.14,0.904,4300.0,1.0,87612.0
D4_S4,ok,1555.0,0.0,81.56,88.41,83.5,,,,1847.0,1.0,28599.0
D5_S1,ok,1534.0,287.0,29.93,28.25,29.57,0.899,0.125,0.85,2622.0,1.0,76875.0
D5_S2,ok,162.0,107.0,9.5,10.17,9.87,0.953,0.189,0.987,1118.0,1.0,25575.0
D5_S3,ok,1808.0,103.0,38.69,32.55,38.79,0.854,0.04,0.719,2341.0,1.0,70091.0
D5_S4,ok,268.0,145.0,15.35,14.86,15.68,0.979,0.186,0.933,821.0,1.0,26197.0
D6_S1,ok,109.0,109.0,3.77,2.64,3.78,0.982,0.33,0.921,1700.0,1.0,43375.0
D6_S3,ok,381.0,160.0,10.89,9.99,11.44,0.938,0.05,0.968,1845.0,1.0,52496.0
D6_S4,ok,146.0,52.0,9.26,6.66,9.36,0.981,0.115,0.997,792.0,1.0,23644.0
D7_S1,ok,1131.0,9.0,17.19,12.73,17.15,1.0,0.0,0.767,2122.0,0.998,98665.0
D7_S2,ok,772.0,5.0,45.96,45.9,44.63,1.0,0.0,,643.0,1.0,25196.0
D7_S3,ok,640.0,8.0,11.39,0.0,11.38,0.5,0.143,-0.048,2062.0,0.998,84318.0
D7_S4,ok,839.0,7.0,48.55,45.59,48.03,1.0,0.0,0.929,636.0,0.997,25923.0
D8_S1,ok,129.0,113.0,3.73,2.81,4.08,0.965,0.147,0.977,2854.0,1.0,51928.0
D8_S2,ok,10.0,5.0,0.62,0.14,0.64,1.0,0.0,,1155.0,1.0,24356.0
D8_S3,ok,137.0,17.0,2.11,0.01,2.56,0.824,0.0,0.76,3529.0,1.0,97181.0
D8_S4,ok,81.0,48.0,4.02,2.24,4.53,0.896,0.024,0.904,1427.0,1.0,30216.0
D9_S1,ok,258.0,212.0,4.85,2.7,4.91,0.929,0.258,0.845,4341.0,1.0,79873.0
D9_S2,ok,12.0,12.0,0.64,0.0,1.26,1.0,0.333,0.972,851.0,0.998,28014.0
D9_S3,ok,582.0,0.0,17.31,0.06,17.35,,,,2487.0,1.0,50428.0
D9_S4,ok,36.0,35.0,1.91,0.0,2.3,1.0,0.467,0.958,1094.0,1.0,28236.0
D10_S1,ok,118.0,115.0,2.2,1.28,2.22,0.991,0.193,0.986,4270.0,1.0,80589.0
D10_S2,ok,231.0,190.0,14.42,13.83,14.57,0.963,0.272,0.873,1061.0,1.0,24035.0
D10_S3,ok,972.0,286.0,18.58,17.0,18.3,0.965,0.12,0.898,2444.0,0.999,78480.0
D10_S4,ok,173.0,161.0,9.22,8.92,9.77,0.975,0.299,0.987,1141.0,0.999,28149.0
D11_S1,ok,280.0,247.0,9.21,8.8,9.38,0.919,0.299,0.861,1442.0,1.0,45614.0
D11_S2,ok,315.0,87.0,20.14,11.64,22.74,0.966,0.071,0.839,792.0,1.0,23465.0
D11_S3,ok,1919.0,2.0,63.83,67.85,63.79,0.0,0.0,,1278.0,1.0,45095.0
D11_S4,ok,84.0,60.0,5.72,5.49,5.93,0.983,0.2,0.937,716.0,1.0,22027.0
D12_S1,ok,1.0,1.0,0.03,0.0,0.04,1.0,0.0,,2457.0,1.0,44356.0
D12_S2,ok,93.0,86.0,5.04,4.94,5.28,0.977,0.312,0.958,1289.0,1.0,27678.0
D12_S3,ok,270.0,38.0,7.28,1.53,7.92,1.0,0.053,0.896,1159.0,0.998,55615.0
D12_S4,ok,52.0,52.0,2.55,1.44,2.37,0.923,0.5,0.832,1030.0,1.0,30590.0
D13_S1,ok,177.0,163.0,3.67,2.56,3.81,0.945,0.299,0.99,2897.0,1.0,72441.0
D13_S2,ok,227.0,84.0,13.0,10.99,12.55,0.893,0.217,0.951,1055.0,0.999,26200.0
D13_S3,ok,720.0,521.0,14.15,13.75,14.25,0.887,0.168,0.726,2233.0,0.999,76332.0
D13_S4,ok,275.0,79.0,14.08,12.52,14.14,0.911,0.04,0.879,1201.0,1.0,29293.0
D14_S1,ok,221.0,166.0,5.38,4.65,5.63,0.976,0.174,0.978,3265.0,1.0,61585.0
D14_S2,ok,361.0,274.0,18.11,18.03,18.17,0.978,0.273,0.967,1136.0,1.0,29906.0
D14_S3,ok,337.0,268.0,10.2,9.98,10.26,0.981,0.217,0.975,2098.0,1.0,49571.0
D14_S4,ok,378.0,300.0,19.67,19.67,19.42,0.96,0.27,0.939,1134.0,1.0,28831.0
D15_S1,ok,190.0,156.0,3.91,3.44,3.91,0.987,0.136,0.958,2139.0,1.0,72853.0
D15_S2,ok,30.0,30.0,1.65,0.13,1.8,1.0,0.321,0.971,1545.0,1.0,27281.0
D15_S3,ok,105.0,100.0,2.73,2.38,2.91,0.97,0.125,0.981,2393.0,1.0,57762.0
D15_S4,ok,64.0,64.0,3.15,3.02,3.15,0.953,0.111,0.984,1553.0,1.0,30492.0
D16_S1,ok,174.0,85.0,5.35,4.57,5.56,0.894,0.119,0.973,1799.0,1.0,48779.0
D16_S2,ok,1300.0,4.0,83.12,88.11,83.13,1.0,0.0,,1000.0,1.0,23460.0
D16_S3,ok,1457.0,2.0,35.29,19.27,36.4,0.0,0.0,,2033.0,1.0,61937.0
D16_S4,ok,179.0,51.0,10.32,9.62,10.7,0.961,0.1,0.998,999.0,1.0,26008.0
D17_S1,ok,133.0,130.0,4.7,4.44,4.61,0.992,0.233,0.958,1974.0,1.0,42426.0
D17_S2,ok,422.0,56.0,26.07,10.03,28.09,1.0,0.179,0.996,1181.0,1.0,24284.0
D17_S3,ok,200.0,197.0,4.33,3.84,4.32,0.959,0.178,0.911,2779.0,1.0,69288.0
D17_S4,ok,113.0,87.0,5.5,4.78,5.5,0.989,0.126,0.998,1386.0,1.0,30798.0
D18_S1,ok,224.0,181.0,6.86,6.74,6.88,0.956,0.246,0.896,1738.0,1.0,48960.0
D18_S2,ok,43.0,28.0,2.27,0.95,2.31,0.964,0.12,0.812,1204.0,1.0,28405.0
D18_S3,ok,239.0,184.0,7.85,7.27,7.68,0.951,0.219,0.902,1486.0,1.0,45696.0
D18_S4,ok,88.0,65.0,4.79,4.41,4.75,0.985,0.143,0.971,1135.0,1.0,27558.0
D19_S1,ok,87.0,54.0,3.78,3.18,3.98,0.981,0.058,0.997,1720.0,1.0,34541.0
D19_S2,ok,251.0,78.0,11.81,7.38,12.13,0.987,0.128,0.998,1301.0,1.0,31893.0
D19_S3,ok,61.0,32.0,2.09,1.32,2.39,0.969,0.036,0.992,1999.0,1.0,43875.0
D19_S4,ok,149.0,139.0,7.35,7.19,7.39,0.978,0.154,0.985,1227.0,1.0,30417.0
D20_S1,ok,189.0,169.0,5.31,5.07,5.6,0.982,0.23,0.978,2746.0,1.0,53432.0
D20_S2,ok,88.0,71.0,5.47,4.65,5.53,0.93,0.185,0.987,1066.0,1.0,24141.0
D20_S3,ok,135.0,119.0,2.24,0.65,2.27,0.966,0.193,0.985,3670.0,1.0,90313.0
D20_S4,ok,102.0,91.0,5.56,5.47,5.62,0.989,0.091,0.921,1034.0,1.0,27536.0
